"","name","league","primary","secondary","tertiary","quaternary","division","location","mascot","sportslogos_name","logo"
"1","AFC Bournemouth","epl","#e62333","#000000",NA,NA,NA,"AFC","Bournemouth","AFC Bournemouth",NA
"2","Air Force","ncaa","#003087","#8A8D8F","#B1B3B3","#FFC72C","MWC","Air Force",NA,"Air Force Falcons","http://content.sportslogos.net/logos/30/595/thumbs/3pr1czgf0mqhfdqfv1mqrvfiq.gif"
"3","Akron Zips","ncaa","#041E42","#A89968",NA,NA,"MAC","Akron","Zips","Akron Zips","http://content.sportslogos.net/logos/30/596/thumbs/59688302014.gif"
"4","Alabama Crimson Tide","ncaa","#9E1B32","#828A8F","#FFFFFF",NA,"SEC","Alabama","Crimson Tide","Alabama Crimson Tide","http://content.sportslogos.net/logos/30/597/thumbs/d8nqfhswwqiht1dc4y5p0dmeh.gif"
"5","Albany (NY)","ncaa","#461660","#EEB211",NA,NA,"Am. East","Albany","(NY)","Albany Great Danes","http://content.sportslogos.net/logos/30/818/thumbs/81878742008.gif"
"6","Anaheim Ducks","nhl","#010101","#a2aaad","#fc4c02","#85714d","Pacific","Anaheim","Ducks","Anaheim Ducks","http://content.sportslogos.net/logos/1/1736/thumbs/173616512014.gif"
"7","Appalachian State Mountaineers","ncaa","#222222","#FFCC00",NA,NA,"Sunbelt","Appalachian State","Mountaineers","Appalachian State Mountaineers","http://content.sportslogos.net/logos/30/602/thumbs/60213682014.gif"
"8","Arizona Cardinals","nfl","#97233f","#000000","#ffb612","#a5acaf","NFC West","Arizona","Cardinals","Arizona Cardinals","http://content.sportslogos.net/logos/7/177/thumbs/kwth8f1cfa2sch5xhjjfaof90.gif"
"9","Arizona Coyotes","nhl","#010101","#862633","#ddcba4",NA,NA,"Arizona","Coyotes","Arizona Coyotes","http://content.sportslogos.net/logos/1/5263/thumbs/526378072015.gif"
"10","Arizona Diamondbacks","mlb","#a71930","#000000","#e3d4ad",NA,"NL West","Arizona","Diamondbacks","Arizona Diamondbacks","http://content.sportslogos.net/logos/54/50/thumbs/gnnnrbxcmjhdgeu6mavqk3945.gif"
"11","Arizona State Sun Devils","ncaa","#8C1D40","#FFC627",NA,NA,"Pac 12","Arizona State","Sun Devils","Arizona State Sun Devils","http://content.sportslogos.net/logos/30/604/thumbs/60465632012.gif"
"12","Arizona Wildcats","ncaa","#CC0033","#003366",NA,NA,"Pac 12","Arizona","Wildcats","Arizona Wildcats","http://content.sportslogos.net/logos/30/603/thumbs/2416.gif"
"13","Arkansas Razorbacks","ncaa","#9D2235","#FFFFFF",NA,NA,"SEC","Arkansas","Razorbacks","Arkansas Razorbacks","http://content.sportslogos.net/logos/30/606/thumbs/60692202014.gif"
"14","Arkansas State Red Wolves","ncaa","#CC092F","#000000",NA,NA,"Sunbelt","Arkansas State","Red Wolves","Arkansas State Red Wolves","http://content.sportslogos.net/logos/30/605/thumbs/60588462008.gif"
"15","Arsenal","epl","#ef0107","#023474","#9c824a",NA,NA,"Arsenal",NA,"Arsenal",NA
"16","Atlanta Braves","mlb","#ce1141","#13274f",NA,NA,"NL East","Atlanta","Braves","Atlanta Braves","http://content.sportslogos.net/logos/54/51/thumbs/5171502018.gif"
"17","Atlanta Dream","wnba","#C8102E","#418FDE","#CED9E5","#0C2340","Eastern","Atlanta","Dream","Atlanta Dream","http://content.sportslogos.net/logos/16/2614/thumbs/261461412020.gif"
"18","Atlanta Falcons","nfl","#a71930","#000000","#a5acaf","#a30d2d","NFC South","Atlanta","Falcons","Atlanta Falcons","http://content.sportslogos.net/logos/7/173/thumbs/299.gif"
"19","Atlanta Hawks","nba","#e13a3e","#c4d600","#061922",NA,"Southeast","Atlanta","Hawks","Atlanta Hawks","http://content.sportslogos.net/logos/6/220/thumbs/22091682016.gif"
"20","Atlanta United FC","mls","#a29061","#80000b","#000000",NA,NA,"Atlanta","United FC","Atlanta United FC","http://content.sportslogos.net/logos/9/5475/thumbs/547573932017.gif"
"21","Auburn Tigers","ncaa","#0C2340","#E87722",NA,NA,"SEC","Auburn","Tigers","Auburn Tigers","http://content.sportslogos.net/logos/30/610/thumbs/61011451968.gif"
"22","Ball State Cardinals","ncaa","#BA0C2F","#000000",NA,NA,"MAC","Ball State","Cardinals","Ball State Cardinals","http://content.sportslogos.net/logos/30/612/thumbs/61273522015.gif"
"23","Baltimore Orioles","mlb","#df4601","#000000",NA,NA,"AL East","Baltimore","Orioles","Baltimore Orioles","http://content.sportslogos.net/logos/53/52/thumbs/5258002019.gif"
"24","Baltimore Ravens","nfl","#241773","#000000","#9e7c0c","#c60c30","AFC North","Baltimore","Ravens","Baltimore Ravens","http://content.sportslogos.net/logos/7/153/thumbs/318.gif"
"25","Baylor Bears","ncaa","#003015","#FECB00",NA,NA,"Big 12","Baylor","Bears","Baylor Bears","http://content.sportslogos.net/logos/30/613/thumbs/7369.gif"
"26","Binghamton Bearcats","ncaa","#005A43","#169B62","#BF0D3E","#B1B3B3","Am. East","Binghamton","Bearcats","Binghamton Bearcats","http://content.sportslogos.net/logos/30/855/thumbs/en1hgarfy3007o2ex50cizx1p.gif"
"27","Boise State Broncos","ncaa","#D64309","#0033A0",NA,NA,"MWC","Boise State","Broncos","Boise State Broncos","http://content.sportslogos.net/logos/30/617/thumbs/61736902013.gif"
"28","Boston Bruins","nhl","#010101","#ffb81c",NA,NA,"Atlantic","Boston","Bruins","Boston Bruins","http://content.sportslogos.net/logos/1/3/thumbs/venf9fmhgnsawnxxvehf.gif"
"29","Boston Celtics","nba","#008348","#bb9753","#a73832","#fab383","Atlantic","Boston","Celtics","Boston Celtics","http://content.sportslogos.net/logos/6/213/thumbs/slhg02hbef3j1ov4lsnwyol5o.gif"
"30","Boston College Eagles","ncaa","#98002E","#BC9B6A",NA,NA,"ACC","Boston College","Eagles","Boston College Eagles","http://content.sportslogos.net/logos/30/618/thumbs/x17r48dtcnhsyveh1iyf7rzqc.gif"
"31","Boston Red Sox","mlb","#bd3039","#0d2b56",NA,NA,"AL East","Boston","Red Sox","Boston Red Sox","http://content.sportslogos.net/logos/53/53/thumbs/c0whfsa9j0vbs079opk2s05lx.gif"
"32","Bowling Green","ncaa","#FE5000","#4F2C1D","#CDA077","#000000","MAC","Bowling Green",NA,"Bowling Green Falcons","http://content.sportslogos.net/logos/30/620/thumbs/62081602016.gif"
"33","Bradley Braves","ncaa","#A50000","#999999",NA,NA,"MVC","Bradley","Braves","Bradley Braves","http://content.sportslogos.net/logos/30/621/thumbs/62140442012.gif"
"34","Brighton & Hove Albion","epl","#0055a9","#f8bc1b",NA,NA,NA,"Brighton","& Hove Albion","Brighton & Hove Albion",NA
"35","Brooklyn Nets","nba","#061922",NA,NA,NA,"Atlantic","Brooklyn","Nets","Brooklyn Nets","http://content.sportslogos.net/logos/6/3786/thumbs/hsuff5m3dgiv20kovde422r1f.gif"
"36","Brown Bears","ncaa","#4E3629","#FFFFFF","#7C2529","#E4002B","Ivy","Brown","Bears","Brown Bears","http://content.sportslogos.net/logos/30/623/thumbs/7402.gif"
"37","Buffalo","ncaa","#005BBB","#FFFFFF",NA,NA,"MAC","Buffalo",NA,"Buffalo Bulls","http://content.sportslogos.net/logos/30/819/thumbs/81942602016.gif"
"38","Buffalo Bills","nfl","#00338d","#c60c30","#0c2e82","#d50a0a","AFC East","Buffalo","Bills","Buffalo Bills","http://content.sportslogos.net/logos/7/149/thumbs/n0fd1z6xmhigb0eej3323ebwq.gif"
"39","Buffalo Sabres","nhl","#041e42","#a2aaad","#ffb81c","#c8102e","Atlantic","Buffalo","Sabres","Buffalo Sabres","http://content.sportslogos.net/logos/1/4/thumbs/i40oxcdbo7xtfamqqhqachoyo.gif"
"40","Burnley","epl","#8ccce5","#53162f","#f9ec34",NA,NA,"Burnley",NA,"Burnley",NA
"41","Butler Bulldogs","ncaa","#13294B","#747678","#D1E0D7","#000000","Big East","Butler","Bulldogs","Butler Bulldogs","http://content.sportslogos.net/logos/30/625/thumbs/62574872015.gif"
"42","BYU","ncaa","#002255","#C5AF7D",NA,NA,"WCC","BYU",NA,"Brigham Young Cougars","http://content.sportslogos.net/logos/30/622/thumbs/t2k7w98wp67rswqopr1pra06h.gif"
"43","Cal Poly","ncaa","#003831","#FFE395","#B38F4F","#000000","Big West","Cal Poly",NA,"Cal Poly Mustangs","http://content.sportslogos.net/logos/30/626/thumbs/62696982007.gif"
"44","Cal State Fullerton","ncaa","#00274C","#DC8218",NA,NA,"Big West","Cal State Fullerton",NA,"Cal State Fullerton Titans","http://content.sportslogos.net/logos/30/627/thumbs/62717232010.gif"
"45","Calgary Flames","nhl","#010101","#f1be48","#c8102e",NA,"Pacific","Calgary","Flames","Calgary Flames","http://content.sportslogos.net/logos/1/5/thumbs/50.gif"
"46","California","ncaa","#003262","#FDB515","#3B7EA1","#C4820E","Pac 12","California",NA,"California Golden Bears","http://content.sportslogos.net/logos/30/630/thumbs/7456.gif"
"47","Canisius","ncaa","#0C2340","#FFBA00",NA,NA,"MAAC","Canisius",NA,"Canisius Golden Griffins","http://content.sportslogos.net/logos/30/632/thumbs/63223182006.gif"
"48","Carolina Hurricanes","nhl","#010101","#a2aaad","#c8102e",NA,"Metropolitan","Carolina","Hurricanes","Carolina Hurricanes","http://content.sportslogos.net/logos/1/6/thumbs/fotih31tn5r345nufo5xxayh3.gif"
"49","Carolina Panthers","nfl","#0085ca","#000000","#bfc0bf",NA,"NFC South","Carolina","Panthers","Carolina Panthers","http://content.sportslogos.net/logos/7/174/thumbs/f1wggq2k8ql88fe33jzhw641u.gif"
"50","Central Michigan Chippewas","ncaa","#6A0032","#FFC82E",NA,NA,"MAC","Central Michigan","Chippewas","Central Michigan Chippewas","http://content.sportslogos.net/logos/30/636/thumbs/6843.gif"
"51","Charlotte","ncaa","#046A38","#B9975B","#27251F",NA,"C-USA","Charlotte",NA,"Charlotte 49ers","http://content.sportslogos.net/logos/30/639/thumbs/2447.gif"
"52","Charlotte Hornets","nba","#1d1160","#008ca8","#a1a1a4",NA,"Southeast","Charlotte","Hornets","Charlotte Hornets","http://content.sportslogos.net/logos/6/5120/thumbs/512019262015.gif"
"53","Chelsea","epl","#034694","#dba111","#ed1c24",NA,NA,"Chelsea",NA,"Chelsea",NA
"54","Chicago Bears","nfl","#0b162a","#c83803",NA,NA,"NFC North","Chicago","Bears","Chicago Bears","http://content.sportslogos.net/logos/7/169/thumbs/364.gif"
"55","Chicago Blackhawks","nhl","#010101","#ff671f","#ffd100","#001871","Central","Chicago","Blackhawks","Chicago Blackhawks","http://content.sportslogos.net/logos/1/7/thumbs/56.gif"
"56","Chicago Bulls","nba","#ce1141","#061922",NA,NA,"Central","Chicago","Bulls","Chicago Bulls","http://content.sportslogos.net/logos/6/221/thumbs/hj3gmh82w9hffmeh3fjm5h874.gif"
"57","Chicago Cubs","mlb","#cc3433","#0e3386",NA,NA,"NL Central","Chicago","Cubs","Chicago Cubs","http://content.sportslogos.net/logos/54/54/thumbs/q9gvs07u72gc9xr3395u6jh68.gif"
"58","Chicago Fire","mls","#af2626","#0a174a","#8a8d8f",NA,NA,"Chicago","Fire","Chicago Fire","http://content.sportslogos.net/logos/9/323/thumbs/umsypmvh1fcxyefrqcfio0yfy.gif"
"59","Chicago Red Stars","nwsl","#CF0A2C","#41B6E6","#FFFFFF",NA,NA,"Chicago","Red Stars","Chicago Red Stars","http://content.sportslogos.net/logos/202/5865/thumbs/586516512017.gif"
"60","Chicago Sky","wnba","#FFCD00","#418FDE",NA,NA,"Eastern","Chicago","Sky","Chicago Sky","http://content.sportslogos.net/logos/16/1155/thumbs/115575502019.gif"
"61","Chicago State Cougars","ncaa","#006666","#000000",NA,NA,"WAC","Chicago State","Cougars","Chicago State Cougars","http://content.sportslogos.net/logos/30/641/thumbs/64119342009.gif"
"62","Chicago White Sox","mlb","#000000","#c4ced4",NA,NA,"AL Central","Chicago","White Sox","Chicago White Sox","http://content.sportslogos.net/logos/53/55/thumbs/oxvkprv7v4inf5dgqdebp0yse.gif"
"63","Cincinnati Bearcats","ncaa","#E00122","#000000",NA,NA,"AAC","Cincinnati","Bearcats","Cincinnati Bearcats","http://content.sportslogos.net/logos/30/642/thumbs/7482.gif"
"64","Cincinnati Bengals","nfl","#000000","#fb4f14","#d32f1e",NA,"AFC North","Cincinnati","Bengals","Cincinnati Bengals","http://content.sportslogos.net/logos/7/154/thumbs/403.gif"
"65","Cincinnati Reds","mlb","#c6011f","#000000",NA,NA,"NL Central","Cincinnati","Reds","Cincinnati Reds","http://content.sportslogos.net/logos/54/56/thumbs/z9e0rqit393ojiizsemd0t1hx.gif"
"66","Clemson Tigers","ncaa","#F56600","#522D80",NA,NA,"ACC","Clemson","Tigers","Clemson Tigers","http://content.sportslogos.net/logos/30/643/thumbs/2451.gif"
"67","Cleveland Browns","nfl","#fb4f14","#22150c","#a5acaf","#d32f1e","AFC North","Cleveland","Browns","Cleveland Browns","http://content.sportslogos.net/logos/7/155/thumbs/15578552015.gif"
"68","Cleveland Cavaliers","nba","#860038","#fdbb30","#002d62",NA,"Central","Cleveland","Cavaliers","Cleveland Cavaliers","http://content.sportslogos.net/logos/6/222/thumbs/22269212018.gif"
"69","Cleveland Indians","mlb","#e31937","#002b5c",NA,NA,"AL Central","Cleveland","Indians","Cleveland Indians","http://content.sportslogos.net/logos/53/57/thumbs/5753472014.gif"
"70","Cleveland State Vikings","ncaa","#006747","#000000",NA,NA,"Horizon","Cleveland State","Vikings","Cleveland State Vikings","http://content.sportslogos.net/logos/30/644/thumbs/kwthyzx2swpnggefwaidm12f2.gif"
"71","Coastal Carolina Chanticleers","ncaa","#006F71","#A27752","#111111",NA,"Sunbelt","Coastal Carolina","Chanticleers","Coastal Carolina Chanticleers","http://content.sportslogos.net/logos/30/645/thumbs/64521712016.gif"
"72","Colorado","ncaa","#CFB87C","#000000","#565A5C","#A2A4A3","Pac 12","Colorado",NA,"Colorado Buffaloes","http://content.sportslogos.net/logos/30/647/thumbs/7489.gif"
"73","Colorado Avalanche","nhl","#010101","#236192","#a4a9ad","#6f263d","Central","Colorado","Avalanche","Colorado Avalanche","http://content.sportslogos.net/logos/1/8/thumbs/64.gif"
"74","Colorado Rapids","mls","#91022d","#85b7ea","#8a8d8f","#313f49",NA,"Colorado","Rapids","Colorado Rapids","http://content.sportslogos.net/logos/9/328/thumbs/rkjf0o1eifa47lh6uhy4oj5qy.gif"
"75","Colorado Rockies","mlb","#333366","#231f20","#c4ced4",NA,"NL West","Colorado","Rockies","Colorado Rockies","http://content.sportslogos.net/logos/54/58/thumbs/5868712017.gif"
"76","Colorado State Rams","ncaa","#1E4D2B","#C8C372",NA,NA,"MWC","Colorado State","Rams","Colorado State Rams","http://content.sportslogos.net/logos/30/648/thumbs/64819792015.gif"
"77","Columbia Lions","ncaa","#9BCBEB","#003865",NA,NA,"Ivy","Columbia","Lions","Columbia Lions","http://content.sportslogos.net/logos/30/649/thumbs/pgajpnw7gro1aao7vczkves9z.gif"
"78","Columbus Blue Jackets","nhl","#041e42","#a4a9ad","#c8102e",NA,"Metropolitan","Columbus","Blue Jackets","Columbus Blue Jackets","http://content.sportslogos.net/logos/1/9/thumbs/jhepegs329pc7ugyypebl28wg.gif"
"79","Columbus Crew","mls","#000000","#ffdb00","#8a8d8f",NA,NA,"Columbus","Crew","Columbus Crew","http://content.sportslogos.net/logos/9/324/thumbs/32410022015.gif"
"80","Connecticut Sun","wnba","#A6192E","#041E42","#643335","#DC4405","Eastern","Connecticut","Sun","Connecticut Sun","http://content.sportslogos.net/logos/16/319/thumbs/fhhj9830gwu0eygex0ejhqrhn.gif"
"81","Cornell Big Red","ncaa","#B31B1B","#5E3920","#89572E","#000000","Ivy","Cornell","Big Red","Cornell Big Red","http://content.sportslogos.net/logos/30/651/thumbs/65139712002.gif"
"82","Creighton Bluejays","ncaa","#005CA9","#00235D","#6CADDE","#828282","Big East","Creighton","Bluejays","Creighton Bluejays","http://content.sportslogos.net/logos/30/652/thumbs/65227962013.gif"
"83","Crystal Palace","epl","#1b458f","#c4122e","#a7a5a6",NA,NA,"Crystal","Palace","Crystal Palace",NA
"84","CSU Bakersfield","ncaa","#005DAA","#FFD200",NA,NA,"WAC","CSU Bakersfield",NA,"CSU Bakersfield Roadrunners","http://content.sportslogos.net/logos/30/5046/thumbs/504679332006.gif"
"85","CSUN","ncaa","#CE1126","#D1CEC6","#000000",NA,"Big West","CSUN",NA,"Cal State Northridge Matadors","http://content.sportslogos.net/logos/30/628/thumbs/62897842014.gif"
"86","Dallas Cowboys","nfl","#002244","#b0b7bc","#acc0c6","#a5acaf","NFC East","Dallas","Cowboys","Dallas Cowboys","http://content.sportslogos.net/logos/7/165/thumbs/406.gif"
"87","Dallas Mavericks","nba","#007dc5","#c4ced3","#061922","#20385b","Southwest","Dallas","Mavericks","Dallas Mavericks","http://content.sportslogos.net/logos/6/228/thumbs/22834632018.gif"
"88","Dallas Stars","nhl","#010101","#006341","#8a8d8f",NA,"Central","Dallas","Stars","Dallas Stars","http://content.sportslogos.net/logos/1/10/thumbs/1079172014.gif"
"89","Dallas Wings","wnba","#0C2340","#C4D600","#00A9E0",NA,"Western","Dallas","Wings","Dallas Wings","http://content.sportslogos.net/logos/16/5911/thumbs/591116072016.gif"
"90","Dartmouth","ncaa","#046A38","#000000",NA,NA,"Ivy","Dartmouth",NA,"Dartmouth Big Green","http://content.sportslogos.net/logos/31/653/thumbs/0s2fdu2ejo17tjqu4ii4zd2pl.gif"
"91","Davidson","ncaa","#AC1A2F","#000000",NA,NA,"A-10","Davidson",NA,"Davidson Wildcats","http://content.sportslogos.net/logos/31/654/thumbs/65492672010.gif"
"92","Dayton Flyers","ncaa","#CE1141","#004B8D","#F80228","#0200D1","A-10","Dayton","Flyers","Dayton Flyers","http://content.sportslogos.net/logos/31/655/thumbs/65570832015.gif"
"93","DC United","mls","#000000","#dd0000",NA,NA,NA,"DC","United","DC United","http://content.sportslogos.net/logos/9/325/thumbs/32590012016.gif"
"94","Denver Broncos","nfl","#002244","#fb4f14","#00234c","#ff5200","AFC West","Denver","Broncos","Denver Broncos","http://content.sportslogos.net/logos/7/161/thumbs/9ebzja2zfeigaziee8y605aqp.gif"
"95","Denver Nuggets","nba","#4d90cd","#fdb927","#0f586c",NA,"Northwest","Denver","Nuggets","Denver Nuggets","http://content.sportslogos.net/logos/6/229/thumbs/22989262019.gif"
"96","Denver Pioneers","ncaa","#8B2332","#8B6F4B",NA,NA,"Summit","Denver","Pioneers","Denver Pioneers","http://content.sportslogos.net/logos/31/659/thumbs/65958742007.gif"
"97","DePaul Blue Demons","ncaa","#005EB8","#E4002B",NA,NA,"Big East","DePaul","Blue Demons","DePaul Blue Demons","http://content.sportslogos.net/logos/31/656/thumbs/2467.gif"
"98","Detroit Lions","nfl","#005a8b","#b0b7bc","#000000","#004e89","NFC North","Detroit","Lions","Detroit Lions","http://content.sportslogos.net/logos/7/170/thumbs/17013982017.gif"
"99","Detroit Mercy Titans","ncaa","#A6093D","#002D72","#D7D2CB",NA,"Horizon","Detroit","Mercy Titans","Detroit Titans","http://content.sportslogos.net/logos/31/660/thumbs/66041452016.gif"
"100","Detroit Pistons","nba","#ed174c","#006bb6","#0f586c",NA,"Central","Detroit","Pistons","Detroit Pistons","http://content.sportslogos.net/logos/6/223/thumbs/22321642018.gif"
"101","Detroit Red Wings","nhl","#c8102e",NA,NA,NA,"Atlantic","Detroit","Red Wings","Detroit Red Wings","http://content.sportslogos.net/logos/1/11/thumbs/yo3wysbjtagzmwj37tb11u0fh.gif"
"102","Detroit Tigers","mlb","#0c2c56","#FF6600",NA,NA,"AL Central","Detroit","Tigers","Detroit Tigers","http://content.sportslogos.net/logos/53/59/thumbs/5989642016.gif"
"103","Drake Bulldogs","ncaa","#004477","#999999",NA,NA,"MVC","Drake","Bulldogs","Drake Bulldogs","http://content.sportslogos.net/logos/31/661/thumbs/66135332015.gif"
"104","Duke Blue Devils","ncaa","#001A57","#FFFFFF","#003366","#0736A4","ACC","Duke","Blue Devils","Duke Blue Devils","http://content.sportslogos.net/logos/31/663/thumbs/66395011978.gif"
"105","Duquesne Dukes","ncaa","#041E42","#BA0C2F","#000000",NA,"A-10","Duquesne","Dukes","Duquesne Dukes","http://content.sportslogos.net/logos/31/664/thumbs/66440092019.gif"
"106","East Carolina Pirates","ncaa","#592A8A","#FDC82F",NA,NA,"AAC","East Carolina","Pirates","East Carolina Pirates","http://content.sportslogos.net/logos/31/665/thumbs/66580462014.gif"
"107","Eastern Michigan Eagles","ncaa","#006633","#000000",NA,NA,"MAC","Eastern Michigan","Eagles","Eastern Michigan Eagles","http://content.sportslogos.net/logos/31/669/thumbs/66988442013.gif"
"108","Eastern Washington Eagles","ncaa","#A10022","#FFFFFF","#6D6E71",NA,"Big Sky","Eastern Washington","Eagles","Eastern Washington Eagles","http://content.sportslogos.net/logos/31/670/thumbs/6878.gif"
"109","Edmonton Oilers","nhl","#00205b","#cf4520",NA,NA,"Pacific","Edmonton","Oilers","Edmonton Oilers","http://content.sportslogos.net/logos/1/12/thumbs/1227282018.gif"
"110","Evansville Purple Aces","ncaa","#52237F","#F36F21",NA,NA,"MVC","Evansville","Purple Aces","Evansville Purple Aces","http://content.sportslogos.net/logos/31/672/thumbs/67264652019.gif"
"111","Everton","epl","#274488",NA,NA,NA,NA,"Everton",NA,"Everton",NA
"112","Fairfield Stags","ncaa","#C8102E","#A2AAAD","#000000",NA,"MAAC","Fairfield","Stags","Fairfield Stags","http://content.sportslogos.net/logos/31/673/thumbs/fem0t6nf9oeoohyyqbp7erhvg.gif"
"113","FC Dallas","mls","#cf0032","#07175c","#8a8d8f",NA,NA,"FC","Dallas","FC Dallas","http://content.sportslogos.net/logos/9/329/thumbs/97yz6vcggd25lhyswy2fgvhfz.gif"
"114","FGCU","ncaa","#002D72","#007749","#B9975B",NA,"A-Sun","FGCU",NA,"Florida Gulf Coast Eagles","http://content.sportslogos.net/logos/31/4946/thumbs/494681002002.gif"
"115","FIU","ncaa","#081E3F","#B6862C",NA,NA,"C-USA","FIU",NA,"FIU Panthers","http://content.sportslogos.net/logos/31/678/thumbs/67854492010.gif"
"116","Florida Atlantic Owls","ncaa","#003366","#CC0000","#8A8D8F","#CCCCCC","C-USA","Florida Atlantic","Owls","Florida Atlantic Owls","http://content.sportslogos.net/logos/31/677/thumbs/vviv38wr7tk9nq4k2liou3r1e.gif"
"117","Florida Gators","ncaa","#0021A5","#FA4616",NA,NA,"SEC","Florida","Gators","Florida Gators","http://content.sportslogos.net/logos/31/675/thumbs/67570762013.gif"
"118","Florida Panthers","nhl","#041e42","#b9975b","#c8102e",NA,"Atlantic","Florida","Panthers","Florida Panthers","http://content.sportslogos.net/logos/1/13/thumbs/1380782017.gif"
"119","Florida State Seminoles","ncaa","#782F40","#CEB888","#FFFFFF","#000000","ACC","Florida State","Seminoles","Florida State Seminoles","http://content.sportslogos.net/logos/31/679/thumbs/67959842014.gif"
"120","Fordham Rams","ncaa","#860038","#FFFFFF",NA,NA,"A-10","Fordham","Rams","Fordham Rams","http://content.sportslogos.net/logos/31/680/thumbs/68090482009.gif"
"121","Fresno State","ncaa","#DB0032","#002E6D","#007934",NA,"MWC","Fresno State",NA,"Fresno State Bulldogs","http://content.sportslogos.net/logos/31/681/thumbs/68177952006.gif"
"122","George Mason Patriots","ncaa","#006633","#FFCC33","#000000",NA,"A-10","George Mason","Patriots","George Mason Patriots","http://content.sportslogos.net/logos/31/684/thumbs/82zgn45ik9y1ttzrdfugvgfsj.gif"
"123","George Washington Colonials","ncaa","#E2CB92","#002654",NA,NA,"A-10","George Washington","Colonials","George Washington Colonials","http://content.sportslogos.net/logos/31/685/thumbs/68559682008.gif"
"124","Georgetown Hoyas","ncaa","#041E42","#8D817B",NA,NA,"Big East","Georgetown","Hoyas","Georgetown Hoyas","http://content.sportslogos.net/logos/31/686/thumbs/41oxa3jgd3ht8c7a6zf2hbf99.gif"
"125","Georgia Bulldogs","ncaa","#BA0C2F","#000000","#FFFFFF",NA,"SEC","Georgia","Bulldogs","Georgia Bulldogs","http://content.sportslogos.net/logos/31/687/thumbs/hr85j3g1duiqf59eiep9bvnsd.gif"
"126","Georgia Southern Eagles","ncaa","#011E41","#A3AAAE","#87714D",NA,"Sunbelt","Georgia Southern","Eagles","Georgia Southern Eagles","http://content.sportslogos.net/logos/31/688/thumbs/68879472010.gif"
"127","Georgia State Panthers","ncaa","#0039A6","#C60C30","#000000",NA,"Sunbelt","Georgia State","Panthers","Georgia State Panthers","http://content.sportslogos.net/logos/31/689/thumbs/68949972014.gif"
"128","Georgia Tech","ncaa","#B3A369","#003057","#A28D5B",NA,"ACC","Georgia Tech",NA,"Georgia Tech Yellow Jackets","http://content.sportslogos.net/logos/31/690/thumbs/2491.gif"
"129","Golden State Warriors","nba","#fdb927","#006bb6","#26282a",NA,"Pacific","Golden State","Warriors","Golden State Warriors","http://content.sportslogos.net/logos/6/235/thumbs/23531522020.gif"
"130","Gonzaga Bulldogs","ncaa","#041E42","#C8102E","#C1C6C8",NA,"WCC","Gonzaga","Bulldogs","Gonzaga Bulldogs","http://content.sportslogos.net/logos/31/691/thumbs/6886.gif"
"131","Grand Canyon Antelopes","ncaa","#522398","#000000",NA,NA,"WAC","Grand Canyon","Antelopes","Grand Canyon Antelopes","http://content.sportslogos.net/logos/31/5050/thumbs/505089242015.gif"
"132","Green Bay","ncaa","#006747","#9D2235","#8A8D8F",NA,"Horizon","Green Bay",NA,"Wisconsin-Green Bay Phoenix","http://content.sportslogos.net/logos/35/891/thumbs/t73vzch64n5fanniemu04ei3v.gif"
"133","Green Bay Packers","nfl","#203731","#ffb612","#1c2d25","#eead1e","NFC North","Green Bay","Packers","Green Bay Packers","http://content.sportslogos.net/logos/7/171/thumbs/dcy03myfhffbki5d7il3.gif"
"134","Hartford Hawks","ncaa","#C02427","#0F0708",NA,NA,"Am. East","Hartford","Hawks","Hartford Hawks","http://content.sportslogos.net/logos/31/694/thumbs/69439442015.gif"
"135","Harvard Crimson","ncaa","#A41034","#000000","#808285","#B6B6B6","Ivy","Harvard","Crimson","Harvard Crimson","http://content.sportslogos.net/logos/31/695/thumbs/afpnmfyxeigiunegxzxrdukt7.gif"
"136","Hawaii","ncaa","#024731","#C8C8C8","#000000",NA,"Big West","Hawaii",NA,"Hawaii Warriors","http://content.sportslogos.net/logos/31/696/thumbs/2494.gif"
"137","Houston Astros","mlb","#002d62","#eb6e1f",NA,NA,"AL West","Houston","Astros","Houston Astros","http://content.sportslogos.net/logos/53/4929/thumbs/492995032000.gif"
"138","Houston Cougars","ncaa","#C8102E","#76232F","#B2B4B2",NA,"AAC","Houston","Cougars","Houston Cougars","http://content.sportslogos.net/logos/31/700/thumbs/70063032012.gif"
"139","Houston Dash","nwsl","#F4911E","#92C3F1","#231F20",NA,NA,"Houston","Dash","Houston Dash","http://content.sportslogos.net/logos/202/5864/thumbs/586442832013.gif"
"140","Houston Dynamo","mls","#f36600","#2e2926","#85b7ea",NA,NA,"Houston","Dynamo","Houston Dynamo","http://content.sportslogos.net/logos/9/1482/thumbs/h8ga63uac257c37js2m47hqke.gif"
"141","Houston Rockets","nba","#ce1141","#c4ced3","#061922","#fdb927","Southwest","Houston","Rockets","Houston Rockets","http://content.sportslogos.net/logos/6/230/thumbs/23068302020.gif"
"142","Houston Texans","nfl","#03202f","#a71930","#00071c","#a30d2d","AFC South","Houston","Texans","Houston Texans","http://content.sportslogos.net/logos/7/157/thumbs/570.gif"
"143","Huddersfield Town","epl","#0073d2",NA,NA,NA,NA,"Huddersfield","Town","Huddersfield Town",NA
"144","Idaho State Bengals","ncaa","#000000","#F9A81A",NA,NA,"Big Sky","Idaho State","Bengals","Idaho State Bengals","http://content.sportslogos.net/logos/32/705/thumbs/70511631997.gif"
"145","Idaho Vandals","ncaa","#EAAB00","#86754D","#808080","#000000","Big Sky","Idaho","Vandals","Idaho Vandals","http://content.sportslogos.net/logos/32/704/thumbs/70458472004.gif"
"146","Illinois","ncaa","#13294B","#E84A27",NA,NA,"Big 10","Illinois",NA,"Illinois Fighting Illini","http://content.sportslogos.net/logos/32/706/thumbs/70683592014.gif"
"147","Illinois State Redbirds","ncaa","#CE1126","#F9DD16","#000000",NA,"MVC","Illinois State","Redbirds","Illinois State Redbirds","http://content.sportslogos.net/logos/32/707/thumbs/5l5bieqet3144zaiwte9.gif"
"148","Indiana Fever","wnba","#C8102E","#041E42","#FFCD00",NA,"Eastern","Indiana","Fever","Indiana Fever","http://content.sportslogos.net/logos/16/315/thumbs/69jyheiaiebbm0t5mp3v4xpzl.gif"
"149","Indiana Hoosiers","ncaa","#990000","#EEEDEB",NA,NA,"Big 10","Indiana","Hoosiers","Indiana Hoosiers","http://content.sportslogos.net/logos/32/709/thumbs/70922132002.gif"
"150","Indiana Pacers","nba","#ffc633","#00275d","#bec0c2",NA,"Central","Indiana","Pacers","Indiana Pacers","http://content.sportslogos.net/logos/6/224/thumbs/22448122018.gif"
"151","Indiana State Sycamores","ncaa","#0142BC","#FFFFFF",NA,NA,"MVC","Indiana State","Sycamores","Indiana State Sycamores","http://content.sportslogos.net/logos/32/710/thumbs/71058591991.gif"
"152","Indianapolis Colts","nfl","#002c5f","#a5acaf","#013369","#9ba1a2","AFC South","Indianapolis","Colts","Indianapolis Colts","http://content.sportslogos.net/logos/7/158/thumbs/593.gif"
"153","Iona","ncaa","#6F2C3F","#F2A900",NA,NA,"MAAC","Iona",NA,"Iona Gaels","http://content.sportslogos.net/logos/32/711/thumbs/71185382016.gif"
"154","Iowa Hawkeyes","ncaa","#FFCD00","#000000",NA,NA,"Big 10","Iowa","Hawkeyes","Iowa Hawkeyes","http://content.sportslogos.net/logos/32/712/thumbs/iu01050mxpzmj4zqegb0vvhgu.gif"
"155","Iowa State Cyclones","ncaa","#C8102E","#F1BE48",NA,NA,"Big 12","Iowa State","Cyclones","Iowa State Cyclones","http://content.sportslogos.net/logos/32/713/thumbs/71346122008.gif"
"156","IUPUI","ncaa","#9D2235","#DFD1A7","#000000",NA,"Horizon","IUPUI",NA,"IUPUI Jaguars","http://content.sportslogos.net/logos/32/703/thumbs/o4gdbgmehb7eh9beafqannlto.gif"
"157","Jacksonville Jaguars","nfl","#000000","#006778","#9f792c","#d7a22a","AFC South","Jacksonville","Jaguars","Jacksonville Jaguars","http://content.sportslogos.net/logos/7/159/thumbs/15988562013.gif"
"158","Jacksonville State Gamecocks","ncaa","#004E44","#898A8D","#BBBBBB","#000000","OVC","Jacksonville State","Gamecocks","Jacksonville State Gamecocks","http://content.sportslogos.net/logos/32/716/thumbs/84gdv65kg9fdjefh4teoh5355.gif"
"159","Kansas City Chiefs","nfl","#e31837","#ffb612","#000000","#eead1e","AFC West","Kansas City","Chiefs","Kansas City Chiefs","http://content.sportslogos.net/logos/7/162/thumbs/857.gif"
"160","Kansas City Royals","mlb","#004687","#c09a5b",NA,NA,"AL Central","Kansas City","Royals","Kansas City Royals","http://content.sportslogos.net/logos/53/62/thumbs/6283222019.gif"
"161","Kansas Jayhawks","ncaa","#0051BA","#E8000D","#FFC82D","#85898A","Big 12","Kansas","Jayhawks","Kansas Jayhawks","http://content.sportslogos.net/logos/32/718/thumbs/t96oee4doe8n2oxaft7f.gif"
"162","Kansas State Wildcats","ncaa","#512888","#D1D1D1","#A7A7A7","#FFFFFF","Big 12","Kansas State","Wildcats","Kansas State Wildcats","http://content.sportslogos.net/logos/32/719/thumbs/2508.gif"
"163","Kennesaw State Owls","ncaa","#FDBB30","#0B1315","#C5C6C8",NA,"A-Sun","Kennesaw State","Owls","Kennesaw State Owls","http://content.sportslogos.net/logos/32/4949/thumbs/494939612012.gif"
"164","Kent State Golden Flashes","ncaa","#002664","#EAAB00",NA,NA,"MAC","Kent State","Golden Flashes","Kent State Golden Flashes","http://content.sportslogos.net/logos/32/720/thumbs/72036552012.gif"
"165","Kentucky Wildcats","ncaa","#0033A0","#FFFFFF","#000000",NA,"SEC","Kentucky","Wildcats","Kentucky Wildcats","http://content.sportslogos.net/logos/32/721/thumbs/72178322016.gif"
"166","LA Galaxy","mls","#00245d","#004689","#f1aa00","#ffd200",NA,"LA","Galaxy","LA Galaxy","http://content.sportslogos.net/logos/9/331/thumbs/wcwwzw1ysgmdcgkguwof.gif"
"167","La Salle Explorers","ncaa","#FFCC00","#003366",NA,NA,"A-10","La Salle","Explorers","La Salle Explorers","http://content.sportslogos.net/logos/32/724/thumbs/gt5hdsffx86dsn0rjc0upzjtg.gif"
"168","Las Vegas Aces","wnba","#BA0C2F","#000000","#85714D","#8A8D8F","Western","Las","Vegas Aces","Las Vegas Aces","http://content.sportslogos.net/logos/16/6575/thumbs/657515772018.gif"
"169","Leicester City","epl","#fdbe11","#0053a0",NA,NA,NA,"Leicester City",NA,"Leicester City",NA
"170","Lipscomb Bisons","ncaa","#331E54","#F4AA00","#000000",NA,"A-Sun","Lipscomb","Bisons","Lipscomb Bisons","http://content.sportslogos.net/logos/32/729/thumbs/72944222014.gif"
"171","Little Rock","ncaa","#6E2639","#A7A9AC",NA,NA,"Sunbelt","Little Rock",NA,"Little Rock Trojans","http://content.sportslogos.net/logos/32/5844/thumbs/584413522015.gif"
"172","Liverpool","epl","#00a398","#d00027","#fef667",NA,NA,"Liverpool",NA,"Liverpool",NA
"173","LMU (CA)","ncaa","#B62B3A","#00447C","#617080","#231F20","WCC","LMU","(CA)","Loyola Marymount Lions","http://content.sportslogos.net/logos/32/737/thumbs/73768392006.gif"
"174","Long Beach State","ncaa","#FFC72A","#000000",NA,NA,"Big West","Long Beach State",NA,"Long Beach State 49ers","http://content.sportslogos.net/logos/32/730/thumbs/73050262014.gif"
"175","Los Angeles Angels","mlb","#ba0021","#003263",NA,NA,"AL West","Los Angeles","Angels","Los Angeles Angels","http://content.sportslogos.net/logos/53/6521/thumbs/652143892016.gif"
"176","Los Angeles Chargers","nfl","#002244","#0073cf","#ffb612","#001532","AFC West","Los Angeles","Chargers","Los Angeles Chargers","http://content.sportslogos.net/logos/7/6446/thumbs/644624152017.gif"
"177","Los Angeles Clippers","nba","#ed174c","#006bb6","#061922","#bec0c2","Pacific","Los Angeles","Clippers","Los Angeles Clippers","http://content.sportslogos.net/logos/6/236/thumbs/23654622016.gif"
"178","Los Angeles Dodgers","mlb","#005a9c","#005a9c","#ef3e42",NA,"NL West","Los Angeles","Dodgers","Los Angeles Dodgers","http://content.sportslogos.net/logos/54/63/thumbs/efvfv5b5g1zgpsf56gb04lthx.gif"
"179","Los Angeles Kings","nhl","#010101","#a2aaad",NA,NA,"Pacific","Los Angeles","Kings","Los Angeles Kings","http://content.sportslogos.net/logos/1/14/thumbs/1422202020.gif"
"180","Los Angeles Lakers","nba","#fdb927","#552582","#061922","#8177b7","Pacific","Los Angeles","Lakers","Los Angeles Lakers","http://content.sportslogos.net/logos/6/237/thumbs/uig7aiht8jnpl1szbi57zzlsh.gif"
"181","Los Angeles Rams","nfl","#002244","#b3995d","#001532","#af925d","NFC West","Los Angeles","Rams","Los Angeles Rams","http://content.sportslogos.net/logos/7/5941/thumbs/594179532017.gif"
"182","Los Angeles Sparks","wnba","#FFC72C","#702F8A","#00B398","#000000","Western","Los Angeles","Sparks","Los Angeles Sparks","http://content.sportslogos.net/logos/16/308/thumbs/dli101p4fsuk0yvovfwife7b6.gif"
"183","Louisiana","ncaa","#CE181E","#0A0203","#C1C5C9","#F18C21","Sunbelt","Louisiana",NA,"Louisiana Ragin Cajuns","http://content.sportslogos.net/logos/32/732/thumbs/2511.gif"
"184","Louisiana Tech Bulldogs","ncaa","#E31B23","#A2AAAD","#111111",NA,"C-USA","Louisiana Tech","Bulldogs","Louisiana Tech Bulldogs","http://content.sportslogos.net/logos/32/731/thumbs/eeb5y75gih97igg7lxvph7v4o.gif"
"185","Louisiana-Monroe","ncaa","#800029","#BD955A","#646469","#DAD86D","Sunbelt","Louisiana-Monroe",NA,"Louisiana-Monroe Warhawks","http://content.sportslogos.net/logos/32/733/thumbs/73372142015.gif"
"186","Louisville Cardinals","ncaa","#AD0000","#000000","#FDB913","#CCCCCC","ACC","Louisville","Cardinals","Louisville Cardinals","http://content.sportslogos.net/logos/32/734/thumbs/73446722007.gif"
"187","Loyola Chicago Ramblers","ncaa","#922247","#FEBD18",NA,NA,"MVC","Loyola","Chicago Ramblers","Loyola Ramblers","http://content.sportslogos.net/logos/32/735/thumbs/73533062012.gif"
"188","LSU","ncaa","#461D7C","#FDD023",NA,NA,"SEC","LSU",NA,"LSU Tigers","http://content.sportslogos.net/logos/32/723/thumbs/72396272014.gif"
"189","Maine Black Bears","ncaa","#003263","#B0D7FF","#AB0634","#908C89","Am. East","Maine","Black Bears","Maine Black Bears","http://content.sportslogos.net/logos/32/738/thumbs/blkfbg8zghmh0m8i7v9lrl5c6.gif"
"190","Manchester City","epl","#98c5e9","#00285e","#f4bc46",NA,NA,"Manchester City",NA,"Manchester City",NA
"191","Manchester United","epl","#da020e","#ffe500","#000000",NA,NA,"Manchester","United","Manchester United",NA
"192","Manhattan","ncaa","#00703C","#FFFFFF",NA,NA,"MAAC","Manhattan",NA,"Manhattan Jaspers","http://content.sportslogos.net/logos/32/739/thumbs/73917732012.gif"
"193","Marist","ncaa","#C8102E","#B2B2B2","#000000",NA,"MAAC","Marist",NA,"Marist Red Foxes","http://content.sportslogos.net/logos/32/740/thumbs/x8kgikten7tgkyx12bgfx1f9f.gif"
"194","Marquette Golden Eagles","ncaa","#003366","#FFCC00",NA,NA,"Big East","Marquette","Golden Eagles","Marquette Golden Eagles","http://content.sportslogos.net/logos/32/741/thumbs/lk47sf36h6g3y141mktt.gif"
"195","Marshall Thundering Herd","ncaa","#00B140","#A2AAAD","#693F23","#AD7C59","C-USA","Marshall","Thundering Herd","Marshall Thundering Herd","http://content.sportslogos.net/logos/32/742/thumbs/2529.gif"
"196","Maryland","ncaa","#E03A3E","#FFD520","#FFFFFF","#000000","Big 10","Maryland",NA,"Maryland Terrapins","http://content.sportslogos.net/logos/32/743/thumbs/74354442012.gif"
"197","Massachusetts","ncaa","#971B2F","#572932","#B1B3B3","#000000","A-10","Massachusetts",NA,"Massachusetts Minutemen","http://content.sportslogos.net/logos/32/887/thumbs/88759612012.gif"
"198","Memphis Grizzlies","nba","#0f586c","#7399c6","#bed4e9","#fdb927","Southwest","Memphis","Grizzlies","Memphis Grizzlies","http://content.sportslogos.net/logos/6/231/thumbs/23143732019.gif"
"199","Memphis Tigers","ncaa","#003087","#898D8D",NA,NA,"AAC","Memphis","Tigers","Memphis Tigers","http://content.sportslogos.net/logos/32/746/thumbs/pep4eclqlq0phflhok70y3u41.gif"
"200","Miami (FL)","ncaa","#F47321","#005030","#FFFFFF",NA,"ACC","Miami","(FL)","Miami Hurricanes","http://content.sportslogos.net/logos/32/748/thumbs/2848.gif"
"201","Miami (OH)","ncaa","#B61E2E","#000000",NA,NA,"MAC","Miami","(OH)","Miami (Ohio) Redhawks","http://content.sportslogos.net/logos/32/749/thumbs/74994712014.gif"
"202","Miami Dolphins","nfl","#008e97","#f58220","#005778",NA,"AFC East","Miami","Dolphins","Miami Dolphins","http://content.sportslogos.net/logos/7/150/thumbs/15073062018.gif"
"203","Miami Heat","nba","#98002e","#f9a01b","#061922","#bcbec0","Southeast","Miami","Heat","Miami Heat","http://content.sportslogos.net/logos/6/214/thumbs/burm5gh2wvjti3xhei5h16k8e.gif"
"204","Miami Marlins","mlb","#ff6600","#0077c8","#ffd100","#000000","NL East","Miami","Marlins","Miami Marlins","http://content.sportslogos.net/logos/54/3637/thumbs/363775442019.gif"
"205","Michigan State Spartans","ncaa","#18453B","#FFFFFF",NA,NA,"Big 10","Michigan State","Spartans","Michigan State Spartans","http://content.sportslogos.net/logos/32/751/thumbs/w7n08iftauae3h6rhueh.gif"
"206","Michigan Wolverines","ncaa","#00274C","#FFCB05",NA,NA,"Big 10","Michigan","Wolverines","Michigan Wolverines","http://content.sportslogos.net/logos/32/750/thumbs/75075012012.gif"
"207","Middle Tennessee","ncaa","#0066CC","#69B3E7",NA,NA,"C-USA","Middle Tennessee",NA,"Middle Tennessee Blue Raiders","http://content.sportslogos.net/logos/32/752/thumbs/75235561998.gif"
"208","Milwaukee","ncaa","#FFBD00","#CCCCCC",NA,NA,"Horizon","Milwaukee",NA,"Wisconsin-Milwaukee Panthers","http://content.sportslogos.net/logos/35/915/thumbs/91523812011.gif"
"209","Milwaukee Brewers","mlb","#0a2351","#b6922e",NA,NA,"NL Central","Milwaukee","Brewers","Milwaukee Brewers","http://content.sportslogos.net/logos/54/64/thumbs/6464742020.gif"
"210","Milwaukee Bucks","nba","#00471b","#f0ebd2","#061922","#007dc5","Central","Milwaukee","Bucks","Milwaukee Bucks","http://content.sportslogos.net/logos/6/225/thumbs/22582752016.gif"
"211","Minnesota Golden Gophers","ncaa","#7A0019","#FFCC33",NA,NA,"Big 10","Minnesota","Golden Gophers","Minnesota Golden Gophers","http://content.sportslogos.net/logos/32/753/thumbs/r8cdw98hpgz0sevha7ejthble.gif"
"212","Minnesota Lynx","wnba","#0C2340","#236192","#78BE20","#9EA2A2","Western","Minnesota","Lynx","Minnesota Lynx","http://content.sportslogos.net/logos/16/314/thumbs/31430582018.gif"
"213","Minnesota Timberwolves","nba","#005083","#00a94f","#c4ced3","#ffe600","Northwest","Minnesota","Timberwolves","Minnesota Timberwolves","http://content.sportslogos.net/logos/6/232/thumbs/23296692018.gif"
"214","Minnesota Twins","mlb","#002b5c","#d31145",NA,NA,"AL Central","Minnesota","Twins","Minnesota Twins","http://content.sportslogos.net/logos/53/65/thumbs/peii986yf4l42v3aa3hy0ovlf.gif"
"215","Minnesota United FC","mls","#cfd4d8","#6caddf","#000000",NA,NA,"Minnesota","United FC","Minnesota United FC","http://content.sportslogos.net/logos/9/6288/thumbs/628827592017.gif"
"216","Minnesota Vikings","nfl","#4f2683","#ffc62f","#e9bf9b","#000000","NFC North","Minnesota","Vikings","Minnesota Vikings","http://content.sportslogos.net/logos/7/172/thumbs/17227042013.gif"
"217","Minnesota Wild","nhl","#154734","#ddcba4","#eaaa00","#a6192e","Central","Minnesota","Wild","Minnesota Wild","http://content.sportslogos.net/logos/1/15/thumbs/1588102014.gif"
"218","Mississippi State Bulldogs","ncaa","#660000","#FFFFFF","#CCCCCC","#75787B","SEC","Mississippi State","Bulldogs","Mississippi State Bulldogs","http://content.sportslogos.net/logos/32/755/thumbs/91xsfe9nvvedeghyqi4sx161k.gif"
"219","Missouri State Bears","ncaa","#5E0009","#000000",NA,NA,"MVC","Missouri State","Bears","Missouri State Bears","http://content.sportslogos.net/logos/32/4974/thumbs/497490162006.gif"
"220","Missouri Tigers","ncaa","#000000","#F1B82D",NA,NA,"SEC","Missouri","Tigers","Missouri Tigers","http://content.sportslogos.net/logos/32/757/thumbs/70yox0z4pkkwwedhxgo92kp9f.gif"
"221","Monmouth Hawks","ncaa","#041E42","#53565A",NA,NA,"MAAC","Monmouth","Hawks","Monmouth Hawks","http://content.sportslogos.net/logos/32/758/thumbs/75894422014.gif"
"222","Montana Grizzlies","ncaa","#999999","#999999",NA,NA,"Big Sky","Montana","Grizzlies","Montana Grizzlies","http://content.sportslogos.net/logos/32/759/thumbs/8w2u1hfnzaaqrqh0wy6hmgeh9.gif"
"223","Montana State Bobcats","ncaa","#B9975B","#B9975B",NA,NA,"Big Sky","Montana State","Bobcats","Montana State Bobcats","http://content.sportslogos.net/logos/32/760/thumbs/76067842013.gif"
"224","Montreal Canadiens","nhl","#001e62","#a6192e",NA,NA,"Atlantic","Montreal","Canadiens","Montreal Canadiens","http://content.sportslogos.net/logos/1/16/thumbs/124.gif"
"225","Montreal Impact","mls","#122089","#000000","#7a878f",NA,NA,"Montreal","Impact","Montreal Impact","http://content.sportslogos.net/logos/9/2837/thumbs/ugsnhv0oteegw8sjs3e4wivvg.gif"
"226","Nashville Predators","nhl","#041e42","#ffb81c",NA,NA,"Central","Nashville","Predators","Nashville Predators","http://content.sportslogos.net/logos/1/17/thumbs/lvchw3qfsun2e7oc02kh2zxb6.gif"
"227","Navy","ncaa","#00205B","#C5B783",NA,NA,"Patriot","Navy",NA,"Navy Midshipmen","http://content.sportslogos.net/logos/33/765/thumbs/udqt7nirahbtdehp0gn5pi0f6.gif"
"228","NC State","ncaa","#CC0000","#000000","#FFFFFF",NA,"ACC","NC State",NA,"North Carolina State Wolfpack","http://content.sportslogos.net/logos/33/777/thumbs/77759072006.gif"
"229","Nebraska","ncaa","#E41C38","#5F6A72","#000000",NA,"Big 10","Nebraska",NA,"Nebraska Cornhuskers","http://content.sportslogos.net/logos/33/766/thumbs/u5a0z147qunbzxwnec8ef7bkl.gif"
"230","Nevada","ncaa","#003366","#807F84",NA,NA,"MWC","Nevada",NA,"Nevada Wolf Pack","http://content.sportslogos.net/logos/33/767/thumbs/76753092008.gif"
"231","New England Patriots","nfl","#002244","#c60c30","#b0b7bc","#001532","AFC East","New England","Patriots","New England Patriots","http://content.sportslogos.net/logos/7/151/thumbs/y71myf8mlwlk8lbgagh3fd5e0.gif"
"232","New England Revolution","mls","#0a2141","#d80016","#8a8d8f",NA,NA,"New England","Revolution","New England Revolution","http://content.sportslogos.net/logos/9/327/thumbs/qtfoxrlfgs3gjvif4ao608tia.gif"
"233","New Hampshire Wildcats","ncaa","#041E42","#BBBCBC",NA,NA,"Am. East","New Hampshire","Wildcats","New Hampshire Wildcats","http://content.sportslogos.net/logos/33/768/thumbs/2864.gif"
"234","New Jersey Devils","nhl","#010101","#c8102e",NA,NA,"Metropolitan","New Jersey","Devils","New Jersey Devils","http://content.sportslogos.net/logos/1/18/thumbs/32tfs723a3bes0p0hb4hgcy1u.gif"
"235","New Mexico Lobos","ncaa","#BA0C2F","#A7A8AA","#63666A","#007A86","MWC","New Mexico","Lobos","New Mexico Lobos","http://content.sportslogos.net/logos/33/769/thumbs/ghyb25tvzhogmpe3beytq4wtg.gif"
"236","New Mexico State Aggies","ncaa","#861F41","#97999B","#000000",NA,"WAC","New Mexico State","Aggies","New Mexico State Aggies","http://content.sportslogos.net/logos/33/770/thumbs/77055192007.gif"
"237","New Orleans Pelicans","nba","#002b5c","#e31837","#b4975a",NA,"Southwest","New Orleans","Pelicans","New Orleans Pelicans","http://content.sportslogos.net/logos/6/4962/thumbs/496226812014.gif"
"238","New Orleans Saints","nfl","#9f8958","#000000",NA,NA,"NFC South","New Orleans","Saints","New Orleans Saints","http://content.sportslogos.net/logos/7/175/thumbs/907.gif"
"239","New York City FC","mls","#6caddf","#00285e","#fd4f00",NA,NA,"New York City","FC","New York City FC","http://content.sportslogos.net/logos/9/5119/thumbs/511960002015.gif"
"240","New York Giants","nfl","#0b2265","#a71930","#a5acaf","#012352","NFC East","New York","Giants","New York Giants","http://content.sportslogos.net/logos/7/166/thumbs/919.gif"
"241","New York Islanders","nhl","#003087","#fc4c02",NA,NA,"Metropolitan","New York","Islanders","New York Islanders","http://content.sportslogos.net/logos/1/19/thumbs/1939112018.gif"
"242","New York Jets","nfl","#125740","#000000","#FFFFFF",NA,"AFC East","New York","Jets","New York Jets","http://content.sportslogos.net/logos/7/152/thumbs/15291162019.gif"
"243","New York Knicks","nba","#006bb6","#f58426","#bec0c2","#231f20","Atlantic","New York","Knicks","New York Knicks","http://content.sportslogos.net/logos/6/216/thumbs/2nn48xofg0hms8k326cqdmuis.gif"
"244","New York Liberty","wnba","#6ECEB2","#000000","#FF671F","#003DA5","Eastern","New York","Liberty","New York Liberty","http://content.sportslogos.net/logos/16/309/thumbs/87s4dbwkieyw95ushfw6b3hz6.gif"
"245","New York Mets","mlb","#ff5910","#002d72",NA,NA,"NL East","New York","Mets","New York Mets","http://content.sportslogos.net/logos/54/67/thumbs/m01gfgeorgvbfw15fy04alujm.gif"
"246","New York Rangers","nhl","#0033a0","#c8102e",NA,NA,"Metropolitan","New York","Rangers","New York Rangers","http://content.sportslogos.net/logos/1/20/thumbs/144.gif"
"247","New York Red Bulls","mls","#d50031","#012055","#ffc800","#8a8d8f",NA,"New York","Red Bulls","New York Red Bulls","http://content.sportslogos.net/logos/9/1876/thumbs/i9ni847kriagxdlb7xewa6dl8.gif"
"248","New York Yankees","mlb","#003087","#FFFFFF","#e4002b",NA,"AL East","New York","Yankees","New York Yankees","http://content.sportslogos.net/logos/53/68/thumbs/1256.gif"
"249","Newcastle United","epl","#241f20","#00b8f4","#c3a572",NA,NA,"Newcastle","United","Newcastle United",NA
"250","Niagara Purple Eagles","ncaa","#582C83","#FFFFFF",NA,NA,"MAAC","Niagara","Purple Eagles","Niagara Purple Eagles","http://content.sportslogos.net/logos/33/772/thumbs/oi5inigc39oafmcd7f3fb7bhf.gif"
"251","NJIT","ncaa","#D22630","#071D49","#C1C6C8",NA,"A-Sun","NJIT",NA,"NJIT Highlanders","http://content.sportslogos.net/logos/33/2605/thumbs/2vggzg8fholnbv4umcp5h1459.gif"
"252","North Alabama","ncaa","#46166B","#DB9F11","#5F6062",NA,"A-Sun","North Alabama",NA,"North Alabama Lions","http://content.sportslogos.net/logos/33/4754/thumbs/475436650.gif"
"253","North Carolina","ncaa","#7BAFD4","#FFFFFF","#13294B","#000000","ACC","North Carolina",NA,"North Carolina Tar Heels","http://content.sportslogos.net/logos/33/775/thumbs/77515392015.gif"
"254","North Carolina Courage","nwsl","#01426A","#B3A369","#A50034","#C8C9C7",NA,"North Carolina","Courage","North Carolina Courage","http://content.sportslogos.net/logos/202/6455/thumbs/645532442017.gif"
"255","North Dakota State Bison","ncaa","#0A5640","#FFC72A",NA,NA,"Summit","North Dakota State","Bison","North Dakota State Bison","http://content.sportslogos.net/logos/33/781/thumbs/ffvn0mdlghiy8hegag754ji2l.gif"
"256","North Florida Ospreys","ncaa","#00246B","#D9D9D9",NA,NA,"A-Sun","North Florida","Ospreys","UNF Ospreys","http://content.sportslogos.net/logos/35/4947/thumbs/494770022014.gif"
"257","North Texas Mean Green","ncaa","#00853E","#000000",NA,NA,"C-USA","North Texas","Mean Green","North Texas Mean Green","http://content.sportslogos.net/logos/33/782/thumbs/78267462005.gif"
"258","Northern Arizona Lumberjacks","ncaa","#FFD200","#FBB040",NA,NA,"Big Sky","Northern Arizona","Lumberjacks","Northern Arizona Lumberjacks","http://content.sportslogos.net/logos/33/784/thumbs/78473542014.gif"
"259","Northern Colorado Bears","ncaa","#F6B000","#F6B000",NA,NA,"Big Sky","Northern Colorado","Bears","Northern Colorado Bears","http://content.sportslogos.net/logos/33/4954/thumbs/495432012015.gif"
"260","Northern Illinois Huskies","ncaa","#BA0C2F","#8A8D8F","#000000",NA,"MAC","Northern Illinois","Huskies","Northern Illinois Huskies","http://content.sportslogos.net/logos/33/785/thumbs/2886.gif"
"261","Northern Kentucky Norse","ncaa","#FFC72C","#000000",NA,NA,"Horizon","Northern Kentucky","Norse","Northern Kentucky Norse","http://content.sportslogos.net/logos/33/5047/thumbs/504799312016.gif"
"262","Northwestern Wildcats","ncaa","#4E2A84","#FFFFFF",NA,NA,"Big 10","Northwestern","Wildcats","Northwestern Wildcats","http://content.sportslogos.net/logos/33/787/thumbs/78733582012.gif"
"263","Notre Dame Fighting Irish","ncaa","#0C2340","#C99700","#AE9142","#00843D","ACC","Notre Dame","Fighting Irish","Notre Dame Fighting Irish","http://content.sportslogos.net/logos/33/789/thumbs/h4taj4rqfe7eigc0f2llj59xx.gif"
"264","Oakland Athletics","mlb","#003831","#efb21e",NA,NA,"AL West","Oakland","Athletics","Oakland Athletics","http://content.sportslogos.net/logos/53/69/thumbs/6xk2lpc36146pbg2kydf13e50.gif"
"265","Oakland Golden Grizzlies","ncaa","#B59A57","#000000",NA,NA,"Horizon","Oakland","Golden Grizzlies","Oakland Golden Grizzlies","http://content.sportslogos.net/logos/33/790/thumbs/79046172012.gif"
"266","Oakland Raiders","nfl","#a5acaf","#000000","#a6aeb0",NA,"AFC West","Oakland","Raiders","Oakland Raiders","http://content.sportslogos.net/logos/7/163/thumbs/g9mgk6x3ge26t44cccm9oq1vl.gif"
"267","Ohio Bobcats","ncaa","#00694E","#CDA077",NA,NA,"MAC","Ohio","Bobcats","Ohio Bobcats","http://content.sportslogos.net/logos/33/792/thumbs/4688.gif"
"268","Ohio State","ncaa","#BB0000","#666666",NA,NA,"Big 10","Ohio State",NA,"Ohio State Buckeyes","http://content.sportslogos.net/logos/33/791/thumbs/79176452013.gif"
"269","Oklahoma City Thunder","nba","#007dc3","#f05133","#fdbb30","#002d62","Northwest","Oklahoma City","Thunder","Oklahoma City Thunder","http://content.sportslogos.net/logos/6/2687/thumbs/khmovcnezy06c3nm05ccn0oj2.gif"
"270","Oklahoma Sooners","ncaa","#841617","#FDF9D8",NA,NA,"Big 12","Oklahoma","Sooners","Oklahoma Sooners","http://content.sportslogos.net/logos/33/793/thumbs/f9hclkzyftlynvgb1wgf.gif"
"271","Oklahoma State","ncaa","#FF7300","#000000","#FF9900","#BEBEBE","Big 12","Oklahoma State",NA,"Oklahoma State Cowboys","http://content.sportslogos.net/logos/33/794/thumbs/79478612015.gif"
"272","Old Dominion Monarchs","ncaa","#003057","#92C1E9",NA,NA,"C-USA","Old Dominion","Monarchs","Old Dominion Monarchs","http://content.sportslogos.net/logos/33/795/thumbs/uz5zw5f3gfhh8o9wbeco.gif"
"273","Ole Miss","ncaa","#CE1126","#14213D","#FFFFFF",NA,"SEC","Ole","Miss","Mississippi Rebels","http://content.sportslogos.net/logos/32/754/thumbs/75419761996.gif"
"274","Omaha","ncaa","#000000","#D71920","#636568",NA,"Summit","Omaha",NA,"Nebraska-Omaha Mavericks","http://content.sportslogos.net/logos/33/5049/thumbs/504963202011.gif"
"275","Oral Roberts Golden Eagles","ncaa","#002F60","#C5B783","#A28E2A",NA,"Summit","Oral Roberts","Golden Eagles","Oral Roberts Golden Eagles","http://content.sportslogos.net/logos/33/796/thumbs/79690362017.gif"
"276","Oregon Ducks","ncaa","#154733","#FEE123",NA,NA,"Pac 12","Oregon","Ducks","Oregon Ducks","http://content.sportslogos.net/logos/33/797/thumbs/by8dfvb6j89hs5nrvlb1ibx5e.gif"
"277","Oregon State Beavers","ncaa","#DC4405","#000000","#FFFFFF",NA,"Pac 12","Oregon State","Beavers","Oregon State Beavers","http://content.sportslogos.net/logos/33/798/thumbs/79813572013.gif"
"278","Orlando City SC","mls","#633492","#fde192",NA,NA,NA,"Orlando City","SC","Orlando City SC","http://content.sportslogos.net/logos/9/5135/thumbs/513564862015.gif"
"279","Orlando Magic","nba","#007dc5","#c4ced3","#061922",NA,"Southeast","Orlando","Magic","Orlando Magic","http://content.sportslogos.net/logos/6/217/thumbs/wd9ic7qafgfb0yxs7tem7n5g4.gif"
"280","Orlando Pride","nwsl","#623393","#01A8DF","#FFFFFF",NA,NA,"Orlando","Pride","Orlando Pride","http://content.sportslogos.net/logos/202/5939/thumbs/593987032016.gif"
"281","Ottawa Senators","nhl","#010101","#c8102e","#c69214",NA,"Atlantic","Ottawa","Senators","Ottawa Senators","http://content.sportslogos.net/logos/1/21/thumbs/2bkf2l3xyxi5p0cavbj8.gif"
"282","Pacific","ncaa","#E35205","#231F20","#D86018","#949A90","WCC","Pacific",NA,"Pacific Tigers","http://content.sportslogos.net/logos/33/799/thumbs/79969051999.gif"
"283","Penn","ncaa","#990000","#011F5B",NA,NA,"Ivy","Penn",NA,"Penn Quakers","http://content.sportslogos.net/logos/33/800/thumbs/wt412stspwyymg88xe74zav07.gif"
"284","Penn State","ncaa","#093162","#FFFFFF",NA,NA,"Big 10","Penn State",NA,"Penn State Nittany Lions","http://content.sportslogos.net/logos/33/801/thumbs/6g3sx3a2zxgt5z2vb10g.gif"
"285","Pepperdine Waves","ncaa","#00205C","#EE7624",NA,NA,"WCC","Pepperdine","Waves","Pepperdine Waves","http://content.sportslogos.net/logos/33/802/thumbs/80222642010.gif"
"286","Philadelphia 76ers","nba","#ed174c","#006bb6","#002b5c","#c4ced3","Atlantic","Philadelphia","76ers","Philadelphia 76ers","http://content.sportslogos.net/logos/6/218/thumbs/21870342016.gif"
"287","Philadelphia Eagles","nfl","#004953","#a5acaf","#acc0c6","#000000","NFC East","Philadelphia","Eagles","Philadelphia Eagles","http://content.sportslogos.net/logos/7/167/thumbs/960.gif"
"288","Philadelphia Flyers","nhl","#010101","#fa4616",NA,NA,"Metropolitan","Philadelphia","Flyers","Philadelphia Flyers","http://content.sportslogos.net/logos/1/22/thumbs/161.gif"
"289","Philadelphia Phillies","mlb","#284898","#e81828",NA,NA,"NL East","Philadelphia","Phillies","Philadelphia Phillies","http://content.sportslogos.net/logos/54/70/thumbs/7075792019.gif"
"290","Philadelphia Union","mls","#002d55","#5090cd","#b38707","#b49759",NA,"Philadelphia","Union","Philadelphia Union","http://content.sportslogos.net/logos/9/2761/thumbs/276142122018.gif"
"291","Phoenix Mercury","wnba","#201747","#CB6015","#B1B3B3","#000000","Western","Phoenix","Mercury","Phoenix Mercury","http://content.sportslogos.net/logos/16/310/thumbs/h01jek5lfu6gp1s9ovvy3qxre.gif"
"292","Phoenix Suns","nba","#e56020","#1d1160","#63717a","#f9a01b","Pacific","Phoenix","Suns","Phoenix Suns","http://content.sportslogos.net/logos/6/238/thumbs/23843702014.gif"
"293","Pittsburgh Panthers","ncaa","#1C2957","#CDB87D",NA,NA,"ACC","Pittsburgh","Panthers","Pittsburgh Panthers","http://content.sportslogos.net/logos/33/803/thumbs/80318662016.gif"
"294","Pittsburgh Penguins","nhl","#010101","#ffb81c",NA,NA,"Metropolitan","Pittsburgh","Penguins","Pittsburgh Penguins","http://content.sportslogos.net/logos/1/24/thumbs/2463622017.gif"
"295","Pittsburgh Pirates","mlb","#fdb827","#000000",NA,NA,"NL Central","Pittsburgh","Pirates","Pittsburgh Pirates","http://content.sportslogos.net/logos/54/71/thumbs/7112502014.gif"
"296","Pittsburgh Steelers","nfl","#000000","#ffb612","#c60c30","#00539b","AFC North","Pittsburgh","Steelers","Pittsburgh Steelers","http://content.sportslogos.net/logos/7/156/thumbs/970.gif"
"297","Portland Pilots","ncaa","#1E1656","#5E6A71",NA,NA,"WCC","Portland","Pilots","Portland Pilots","http://content.sportslogos.net/logos/33/804/thumbs/80428142014.gif"
"298","Portland State Vikings","ncaa","#154734","#FFFFFF","#373A36","#2C2A29","Big Sky","Portland State","Vikings","Portland State Vikings","http://content.sportslogos.net/logos/33/805/thumbs/80548492016.gif"
"299","Portland Thorns FC","nwsl","#981D1F","#000000","#074129",NA,NA,"Portland","Thorns FC","Portland Thorns FC","http://content.sportslogos.net/logos/202/5867/thumbs/586758142013.gif"
"300","Portland Timbers","mls","#004812","#ebe72b",NA,NA,NA,"Portland","Timbers","Portland Timbers","http://content.sportslogos.net/logos/9/2836/thumbs/283698422015.gif"
"301","Portland Trail Blazers","nba","#e03a3e","#bac3c9","#061922",NA,"Northwest","Portland","Trail Blazers","Portland Trail Blazers","http://content.sportslogos.net/logos/6/239/thumbs/23997252018.gif"
"302","Princeton Tigers","ncaa","#FF671F","#000000",NA,NA,"Ivy","Princeton","Tigers","Princeton Tigers","http://content.sportslogos.net/logos/33/807/thumbs/4g0k10eeht09gbiaklzg49ah9.gif"
"303","Providence","ncaa","#000000","#8A8D8F","#FFFFFF",NA,"Big East","Providence",NA,"Providence Friars","http://content.sportslogos.net/logos/33/808/thumbs/2etorchfbjqbvgsoiied0rqkf.gif"
"304","Purdue Boilermakers","ncaa","#CEB888","#000000","#9D968D","#373A36","Big 10","Purdue","Boilermakers","Purdue Boilermakers","http://content.sportslogos.net/logos/33/809/thumbs/80966442012.gif"
"305","Purdue Fort Wayne Mastodons","ncaa","#002F6C","#000000","#63666A","#97999B","Summit","Purdue Fort Wayne","Mastodons","Purdue Fort Wayne Mastodons","http://content.sportslogos.net/logos/33/6619/thumbs/661929622018.gif"
"306","Real Salt Lake","mls","#a50531","#013474","#f2d11a",NA,NA,"Real","Salt Lake","Real Salt Lake","http://content.sportslogos.net/logos/9/394/thumbs/39441222010.gif"
"307","Reign FC","nwsl","#0F1F27","#00528C","#7A868C",NA,NA,"Reign","FC","Reign FC","http://content.sportslogos.net/logos/202/5863/thumbs/586371692013.gif"
"308","Rhode Island Rams","ncaa","#68ABE8","#002147",NA,NA,"A-10","Rhode","Island Rams","Rhode Island Rams","http://content.sportslogos.net/logos/33/812/thumbs/81261122010.gif"
"309","Rice Owls","ncaa","#00205B","#C1C6C8",NA,NA,"C-USA","Rice","Owls","Rice Owls","http://content.sportslogos.net/logos/33/813/thumbs/81337422010.gif"
"310","Richmond Spiders","ncaa","#000066","#990000",NA,NA,"A-10","Richmond","Spiders","Richmond Spiders","http://content.sportslogos.net/logos/33/814/thumbs/2588.gif"
"311","Rider Broncs","ncaa","#981E32","#6C6F70",NA,NA,"MAAC","Rider","Broncs","Rider Broncs","http://content.sportslogos.net/logos/33/815/thumbs/81562592007.gif"
"312","Rutgers Scarlet Knights","ncaa","#CC0033","#5F6A72","#000000",NA,"Big 10","Rutgers","Scarlet Knights","Rutgers Scarlet Knights","http://content.sportslogos.net/logos/33/817/thumbs/j9mxrf2bfzasqkq3by70.gif"
"313","Sacramento Kings","nba","#724c9f","#8e9090","#061922",NA,"Pacific","Sacramento","Kings","Sacramento Kings","http://content.sportslogos.net/logos/6/240/thumbs/24040432017.gif"
"314","Sacramento State","ncaa","#043927","#C4B581",NA,NA,"Big Sky","Sacramento State",NA,"Sacramento State Hornets","http://content.sportslogos.net/logos/30/629/thumbs/okyaz26kurakymvf0hh42hijj.gif"
"315","Saint Joseph's Hawks","ncaa","#9E1B32","#6C6F70",NA,NA,"A-10","Saint Joseph's","Hawks","St. Joseph's Hawks","http://content.sportslogos.net/logos/34/851/thumbs/2604.gif"
"316","Saint Louis Billikens","ncaa","#003DA5","#C8C9C7",NA,NA,"A-10","Saint Louis","Billikens","Saint Louis Billikens","http://content.sportslogos.net/logos/34/822/thumbs/82292312015.gif"
"317","Saint Mary's (CA)","ncaa","#D80024","#06315B",NA,NA,"WCC","Saint Mary's","(CA)","Saint Marys Gaels","http://content.sportslogos.net/logos/34/852/thumbs/mfhe5ysvfgzgt0wxt8hcz89pv.gif"
"318","Saint Peter's Peacocks","ncaa","#003C71","#0072CE","#A59C94","#000000","MAAC","Saint Peter's","Peacocks","Saint Peter's Peacocks","http://content.sportslogos.net/logos/34/853/thumbs/85340372012.gif"
"319","SaintBonaventure","ncaa","#54261A","#FDB726","#BDB6B0",NA,"A-10","SaintBonaventure",NA,"St. Bonaventure Bonnies","http://content.sportslogos.net/logos/34/848/thumbs/2637.gif"
"320","SaintJohn's (NY)","ncaa","#BA0C2F","#041C2C","#A7A8AA",NA,"Big East","SaintJohn's","(NY)","St. John's Red Storm","http://content.sportslogos.net/logos/34/850/thumbs/rutp2cuzhqn5qyjhw790kibvf.gif"
"321","San Antonio Spurs","nba","#bac3c9","#061922",NA,NA,"Southwest","San Antonio","Spurs","San Antonio Spurs","http://content.sportslogos.net/logos/6/233/thumbs/23325472018.gif"
"322","San Diego Padres","mlb","#002d62","#fec325","#7f411c","#a0aab2","NL West","San Diego","Padres","San Diego Padres","http://content.sportslogos.net/logos/54/73/thumbs/7375172020.gif"
"323","San Diego State Aztecs","ncaa","#A6192E","#000000","#FFFFFF",NA,"MWC","San Diego State","Aztecs","San Diego State Aztecs","http://content.sportslogos.net/logos/34/826/thumbs/82676662013.gif"
"324","San Diego Toreros","ncaa","#002868","#84BCE8","#207BC1",NA,"WCC","San Diego","Toreros","San Diego Toreros","http://content.sportslogos.net/logos/34/825/thumbs/smgecw5seeb2a282cs79z64oo.gif"
"325","San Francisco 49ers","nfl","#aa0000","#b3995d","#000000","#a5acaf","NFC West","San Francisco","49ers","San Francisco 49ers","http://content.sportslogos.net/logos/7/179/thumbs/17994552009.gif"
"326","San Francisco Dons","ncaa","#FDBB30","#00543C","#919194",NA,"WCC","San Francisco","Dons","San Francisco Dons","http://content.sportslogos.net/logos/34/827/thumbs/82715532012.gif"
"327","San Francisco Giants","mlb","#fd5a1e","#000000","#8b6f4e",NA,"NL West","San Francisco","Giants","San Francisco Giants","http://content.sportslogos.net/logos/54/74/thumbs/cpqj6up5bvgpoedg5fwsk20ve.gif"
"328","San Jose Earthquakes","mls","#0051ba","#000000","#b1b4b2",NA,NA,"San Jose","Earthquakes","San Jose Earthquakes","http://content.sportslogos.net/logos/9/332/thumbs/33279522014.gif"
"329","San Jose Sharks","nhl","#010101","#e57200","#006272",NA,"Pacific","San Jose","Sharks","San Jose Sharks","http://content.sportslogos.net/logos/1/26/thumbs/dmo1xf3z4pph27vmg3gf.gif"
"330","San Jose State Spartans","ncaa","#0055A2","#E5A823","#939597",NA,"MWC","San Jose State","Spartans","San Jose State Spartans","http://content.sportslogos.net/logos/34/828/thumbs/2616.gif"
"331","Santa Clara Broncos","ncaa","#862633","#FFFFFF",NA,NA,"WCC","Santa Clara","Broncos","Santa Clara Broncos","http://content.sportslogos.net/logos/34/829/thumbs/9bevh7phseg5k885k8ngg09e5.gif"
"332","Seattle Mariners","mlb","#0c2c56","#005c5c","#c4ced4",NA,"AL West","Seattle","Mariners","Seattle Mariners","http://content.sportslogos.net/logos/53/75/thumbs/1305.gif"
"333","Seattle Seahawks","nfl","#002244","#69be28","#a5acaf","#001532","NFC West","Seattle","Seahawks","Seattle Seahawks","http://content.sportslogos.net/logos/7/180/thumbs/pfiobtreaq7j0pzvadktsc6jv.gif"
"334","Seattle Sounders FC","mls","#4f8a10","#11568c","#212930",NA,NA,"Seattle","Sounders FC","Seattle Sounders FC","http://content.sportslogos.net/logos/9/2760/thumbs/2xkgg8fsj5zgywdhx5in779ed.gif"
"335","Seattle Storm","wnba","#FBE122","#2C5234","#A2AAAD",NA,"Western","Seattle","Storm","Seattle Storm","http://content.sportslogos.net/logos/16/318/thumbs/31835802016.gif"
"336","Seattle U","ncaa","#AA0000","#333333",NA,NA,"WAC","Seattle","U","Seattle Redhawks","http://content.sportslogos.net/logos/34/5052/thumbs/505217542008.gif"
"337","Seton Hall Pirates","ncaa","#004488","#A2AAAD",NA,NA,"Big East","Seton Hall","Pirates","Seton Hall Pirates","http://content.sportslogos.net/logos/34/831/thumbs/83191832009.gif"
"338","Siena","ncaa","#FFC72C","#C8102E","#006747","#693F23","MAAC","Siena",NA,"Siena Saints","http://content.sportslogos.net/logos/34/832/thumbs/3336kgxl1jzfvrzh423fldmyo.gif"
"339","Sky Blue FC","nwsl","#193368","#ED871F","#FFFFFF",NA,NA,"Sky","Blue FC","Sky Blue FC","http://content.sportslogos.net/logos/202/5861/thumbs/586193562013.gif"
"340","South Alabama Jaguars","ncaa","#00205B","#BF0D3E",NA,NA,"Sunbelt","South Alabama","Jaguars","South Alabama Jaguars","http://content.sportslogos.net/logos/34/833/thumbs/f0escusps8d57q2gf0bpy1otm.gif"
"341","South Carolina Gamecocks","ncaa","#73000A","#000000",NA,NA,"SEC","South Carolina","Gamecocks","South Carolina Gamecocks","http://content.sportslogos.net/logos/34/834/thumbs/5gje9m4b1shmcd442rkpxkeb8.gif"
"342","South Dakota Coyotes","ncaa","#AD0000","#B4B4B4","#000000",NA,"Summit","South Dakota","Coyotes","South Dakota Coyotes","http://content.sportslogos.net/logos/34/5037/thumbs/503737322011.gif"
"343","South Dakota State Jackrabbits","ncaa","#0033A0","#FFD100",NA,NA,"Summit","South Dakota State","Jackrabbits","South Dakota State Jackrabbits","http://content.sportslogos.net/logos/34/836/thumbs/rx5rkctzeni2o4nxdsl4ftgw9.gif"
"344","South Florida Bulls","ncaa","#006747","#CFC493",NA,NA,"AAC","South Florida","Bulls","South Florida Bulls","http://content.sportslogos.net/logos/34/837/thumbs/l3qg5gf3wu3cdrgvpee4.gif"
"345","Southampton","epl","#ed1a3b","#211e1f","#ffc20e",NA,NA,"Southampton",NA,"Southampton",NA
"346","Southern California Trojans","ncaa","#FFC72C","#990000","#FFC72C",NA,"Pac 12","Southern California","Trojans","Southern California Trojans","http://content.sportslogos.net/logos/34/840/thumbs/84098311993.gif"
"347","Southern Illinois","ncaa","#720000","#000000",NA,NA,"MVC","Southern Illinois",NA,"Southern Illinois Salukis","http://content.sportslogos.net/logos/34/841/thumbs/84134702019.gif"
"348","Southern Mississippi Golden Eagles","ncaa","#000000","#FFAB00",NA,NA,"C-USA","Southern Mississippi","Golden Eagles","Southern Miss Golden Eagles","http://content.sportslogos.net/logos/34/843/thumbs/84360242015.gif"
"349","Southern Utah Thunderbirds","ncaa","#000000","#FFFFFF",NA,NA,"Big Sky","Southern Utah","Thunderbirds","Southern Utah Thunderbirds","http://content.sportslogos.net/logos/34/844/thumbs/2636.gif"
"350","Sporting Kansas City","mls","#91b0d5","#002b5c","#9fa1a4","#989891",NA,"Sporting","Kansas_City","Sporting Kansas City","http://content.sportslogos.net/logos/9/2834/thumbs/hzgsk662crxwpeffygd9vazda.gif"
"351","St. Louis Blues","nhl","#041e42","#ffb81c","#003087",NA,"Central","St. Louis","Blues","St. Louis Blues","http://content.sportslogos.net/logos/1/25/thumbs/187.gif"
"352","St. Louis Cardinals","mlb","#c41e3a","#000066","#fedb00",NA,"NL Central","St. Louis","Cardinals","St. Louis Cardinals","http://content.sportslogos.net/logos/54/72/thumbs/3zhma0aeq17tktge1huh7yok5.gif"
"353","Stanford Cardinal","ncaa","#8C1515","#FFFFFF","#4D4F53","#2E2D29","Pac 12","Stanford","Cardinal","Stanford Cardinal","http://content.sportslogos.net/logos/34/854/thumbs/85448032014.gif"
"354","Stetson Hatters","ncaa","#006747","#B58150","#9E652E","#000000","A-Sun","Stetson","Hatters","Stetson Hatters","http://content.sportslogos.net/logos/34/857/thumbs/85710302018.gif"
"355","Stoke City","epl","#e03a3e","#1b449c",NA,NA,NA,"Stoke City",NA,"Stoke City",NA
"356","Stony Brook Seawolves","ncaa","#990000","#16243E","#828282",NA,"Am. East","Stony Brook","Seawolves","Stony Brook Seawolves","http://content.sportslogos.net/logos/34/858/thumbs/yte6uhknhdffvqnowffl62jy1.gif"
"357","Swansea City","epl","#000000",NA,NA,NA,NA,"Swansea City",NA,"Swansea City",NA
"358","Syracuse Orange","ncaa","#D44500","#3E3D3C","#6F777D","#ADB3B8","ACC","Syracuse","Orange","Syracuse Orange","http://content.sportslogos.net/logos/34/859/thumbs/lhf2fxwjfmysj71nzmqw.gif"
"359","Tampa Bay Buccaneers","nfl","#d50a0a","#34302b","#000000","#ff7900","NFC South","Tampa Bay","Buccaneers","Tampa Bay Buccaneers","http://content.sportslogos.net/logos/7/176/thumbs/17636702014.gif"
"360","Tampa Bay Lightning","nhl","#00205b",NA,NA,NA,"Atlantic","Tampa Bay","Lightning","Tampa Bay Lightning","http://content.sportslogos.net/logos/1/27/thumbs/97hhvk8e5if0riesnex30etgz.gif"
"361","Tampa Bay Rays","mlb","#092c5c","#8fbce6","#f5d130",NA,"AL East","Tampa Bay","Rays","Tampa Bay Rays","http://content.sportslogos.net/logos/53/2535/thumbs/253594482019.gif"
"362","TCU","ncaa","#4D1979","#A3A9AC","#FFFFFF",NA,"Big 12","TCU",NA,"TCU Horned Frogs","http://content.sportslogos.net/logos/34/868/thumbs/2658.gif"
"363","Temple Owls","ncaa","#9D2235","#FFCD00","#8A8D8F","#C1C6C8","AAC","Temple","Owls","Temple Owls","http://content.sportslogos.net/logos/34/860/thumbs/2648.gif"
"364","Tennessee Titans","nfl","#002244","#4b92db","#c60c30","#a5acaf","AFC South","Tennessee","Titans","Tennessee Titans","http://content.sportslogos.net/logos/7/160/thumbs/1053.gif"
"365","Tennessee Volunteers","ncaa","#FF8200","#58595B","#FFFFFF",NA,"SEC","Tennessee","Volunteers","Tennessee Volunteers","http://content.sportslogos.net/logos/34/861/thumbs/86166262015.gif"
"366","Texas","ncaa","#BF5700","#333F48","#FFFFFF",NA,"Big 12","Texas",NA,"Texas Longhorns","http://content.sportslogos.net/logos/34/865/thumbs/5o2wuto6hq2592hhy9e4prm6e.gif"
"367","Texas A&M Aggies","ncaa","#500000","#FFFFFF",NA,NA,"SEC","Texas A&M","Aggies","Texas A&M Aggies","http://content.sportslogos.net/logos/34/866/thumbs/86674172007.gif"
"368","Texas Rangers","mlb","#c0111f","#003278",NA,NA,"AL West","Texas","Rangers","Texas Rangers","http://content.sportslogos.net/logos/53/77/thumbs/ajfeh4oqeealq37er15r3673h.gif"
"369","Texas State Bobcats","ncaa","#501214","#8D734A",NA,NA,"Sunbelt","Texas State","Bobcats","Texas State Bobcats","http://content.sportslogos.net/logos/34/847/thumbs/hfiohfg4thrpxlb9r8o2qkuee.gif"
"370","Texas Tech Red Raiders","ncaa","#CC0000","#000000","#FFFFFF",NA,"Big 12","Texas Tech","Red Raiders","Texas Tech Red Raiders","http://content.sportslogos.net/logos/34/870/thumbs/4661.gif"
"371","Toledo Rockets","ncaa","#15397F","#005CB9","#FFDA00","#BEC6C3","MAC","Toledo","Rockets","Toledo Rockets","http://content.sportslogos.net/logos/34/874/thumbs/87490502017.gif"
"372","Toronto Blue Jays","mlb","#134a8e","#1d2d5c","#e8291c",NA,"AL East","Toronto","Blue Jays","Toronto Blue Jays","http://content.sportslogos.net/logos/53/78/thumbs/2559d7603ouedg7ldhw0br4fn.gif"
"373","Toronto FC","mls","#d80016","#313f49","#a1aaad",NA,NA,"Toronto","FC","Toronto FC","http://content.sportslogos.net/logos/9/1249/thumbs/0gfaomjubvw58whdep6w.gif"
"374","Toronto Maple Leafs","nhl","#00205b",NA,NA,NA,"Atlantic","Toronto","Maple Leafs","Toronto Maple Leafs","http://content.sportslogos.net/logos/1/28/thumbs/2887612017.gif"
"375","Toronto Raptors","nba","#ce1141","#061922","#a1a1a4","#b4975a","Atlantic","Toronto","Raptors","Toronto Raptors","http://content.sportslogos.net/logos/6/227/thumbs/22745782016.gif"
"376","Tottenham Hotspur","epl","#001c58",NA,NA,NA,NA,"Tottenham","Hotspur","Tottenham Hotspur",NA
"377","Tulane Green Wave","ncaa","#006747","#43B02A","#418FDE","#000000","AAC","Tulane","Green Wave","Tulane Green Wave","http://content.sportslogos.net/logos/34/877/thumbs/87736922014.gif"
"378","Tulsa Golden Hurricane","ncaa","#002D72","#C8102E","#C5B783","#F3D54E","AAC","Tulsa","Golden Hurricane","Tulsa Golden Hurricane","http://content.sportslogos.net/logos/34/878/thumbs/2669.gif"
"379","UAB","ncaa","#006341","#CC8A00","#000000","#BF0D3E","C-USA","UAB",NA,"UAB Blazers","http://content.sportslogos.net/logos/35/879/thumbs/87915182015.gif"
"380","UC Davis","ncaa","#002855","#B3A369",NA,NA,"Big West","UC","Davis","California Davis Aggies","http://content.sportslogos.net/logos/30/1831/thumbs/183182572001.gif"
"381","UC Irvine","ncaa","#0C2340","#FFC72C",NA,NA,"Big West","UC","Irvine","California-Irvine Anteaters","http://content.sportslogos.net/logos/30/880/thumbs/88023612014.gif"
"382","UC Riverside","ncaa","#2D6CC0","#003066","#F1AB00","#7A6E67","Big West","UC","Riverside","California Riverside Highlanders","http://content.sportslogos.net/logos/30/881/thumbs/88153882012.gif"
"383","UCLA","ncaa","#2D68C4","#F2A900","#3284BF","#FFE800","Pac 12","UCLA",NA,"UCLA Bruins","http://content.sportslogos.net/logos/35/882/thumbs/f14dh4p8ot36v1exxoazhf03a.gif"
"384","UIC","ncaa","#AC1E2D","#041E42","#FACC09",NA,"Horizon","UIC",NA,"Illinois-Chicago Flames","http://content.sportslogos.net/logos/32/708/thumbs/70899032008.gif"
"385","UMass Lowell","ncaa","#003DA5","#C8102E",NA,NA,"Am. East","UMass Lowell",NA,"UMass Lowell River Hawks","http://content.sportslogos.net/logos/35/5023/thumbs/502396112010.gif"
"386","UMBC","ncaa","#B18906","#FFC20E","#000000","#ED1C24","Am. East","UMBC",NA,"UMBC Retrievers","http://content.sportslogos.net/logos/35/885/thumbs/88553842010.gif"
"387","UMKC","ncaa","#005293","#FECB00","#000000","#DCDDDE","WAC","UMKC",NA,"UMKC Kangaroos","http://content.sportslogos.net/logos/35/886/thumbs/88685772008.gif"
"388","UNI","ncaa","#4B116F","#FFCC00",NA,NA,"MVC","UNI",NA,"Northern Iowa Panthers","http://content.sportslogos.net/logos/33/786/thumbs/78667682015.gif"
"389","UNLV","ncaa","#B10202","#666666","#000000",NA,"MWC","UNLV",NA,"UNLV Rebels","http://content.sportslogos.net/logos/35/888/thumbs/1g4meeffhnmghxfdv57f.gif"
"390","USC Upstate","ncaa","#00703C","#000000",NA,NA,"Big South","USC Upstate",NA,"USC Upstate Spartans","http://content.sportslogos.net/logos/35/4948/thumbs/494849312011.gif"
"391","UT Arlington","ncaa","#F58025","#0064B1",NA,NA,"Sunbelt","UT","Arlington","Texas-Arlington Mavericks","http://content.sportslogos.net/logos/34/871/thumbs/87190202007.gif"
"392","Utah Jazz","nba","#002b5c","#f9a01b","#00471b","#bec0c2","Northwest","Utah","Jazz","Utah Jazz","http://content.sportslogos.net/logos/6/234/thumbs/23467492017.gif"
"393","Utah Royals FC","nwsl","#FFB81C","#001E62","#9D2235",NA,NA,"Utah","Royals FC","Utah Royals FC","http://content.sportslogos.net/logos/202/6574/thumbs/657467452018.gif"
"394","Utah State Aggies","ncaa","#0F2439","#FFFFFF","#9D968D","#000000","MWC","Utah State","Aggies","Utah State Aggies","http://content.sportslogos.net/logos/35/893/thumbs/fexosti2ekonhhvpjlq0gvyhn.gif"
"395","Utah Utes","ncaa","#CC0000","#808080","#000000",NA,"Pac 12","Utah","Utes","Utah Utes","http://content.sportslogos.net/logos/35/892/thumbs/f59mntuxy6z31v0gapgueoyg2.gif"
"396","Utah Valley Wolverines","ncaa","#275D38","#000000","#8E8C89",NA,"WAC","Utah Valley","Wolverines","Utah Valley Wolverines","http://content.sportslogos.net/logos/35/2606/thumbs/260642032013.gif"
"397","UTEP","ncaa","#FF8200","#041E42","#B1B3B3",NA,"C-USA","UTEP",NA,"UTEP Miners","http://content.sportslogos.net/logos/35/889/thumbs/2711.gif"
"398","UTRGV","ncaa","#FFA300","#F05023","#00843D","#0C2340","WAC","UTRGV",NA,"UTRGV Vaqueros","http://content.sportslogos.net/logos/35/5639/thumbs/563963612015.gif"
"399","UTSA","ncaa","#F15A22","#0C2340",NA,NA,"C-USA","UTSA",NA,"Texas-SA Roadrunners","http://content.sportslogos.net/logos/34/890/thumbs/8w7wa2e7efz3h7g9m98ja3idd.gif"
"400","Valparaiso Crusaders","ncaa","#381E0E","#613318","#FFCC00",NA,"MVC","Valparaiso","Crusaders","Valparaiso Crusaders","http://content.sportslogos.net/logos/35/894/thumbs/89418392011.gif"
"401","Vancouver Canucks","nhl","#00205b","#97999b","#041c2c",NA,"Pacific","Vancouver","Canucks","Vancouver Canucks","http://content.sportslogos.net/logos/1/29/thumbs/2920842020.gif"
"402","Vancouver Whitecaps FC","mls","#12264c","#85b7ea","#838383",NA,NA,"Vancouver","Whitecaps FC","Vancouver Whitecaps FC","http://content.sportslogos.net/logos/9/2835/thumbs/vk6eh75qeug9nejz5g4k1evlo.gif"
"403","Vanderbilt Commodores","ncaa","#000000","#866D4B",NA,NA,"SEC","Vanderbilt","Commodores","Vanderbilt Commodores","http://content.sportslogos.net/logos/35/895/thumbs/oz59klw60uzer5pralxhznrl1.gif"
"404","VCU","ncaa","#FFB300","#000000",NA,NA,"A-10","VCU",NA,"Virginia Commonwealth Rams","http://content.sportslogos.net/logos/35/899/thumbs/89973792014.gif"
"405","Vegas Golden Knights","nhl","#010101","#b4975a","#333f42",NA,"Pacific","Vegas","Golden Knights","Vegas Golden Knights","http://content.sportslogos.net/logos/1/6114/thumbs/611426842018.gif"
"406","Vermont Catamounts","ncaa","#154734","#8B5B29","#FFC72C","#C6AA76","Am. East","Vermont","Catamounts","Vermont Catamounts","http://content.sportslogos.net/logos/35/896/thumbs/ee4ske40eafxpaaeiexfegdf1.gif"
"407","Villanova Wildcats","ncaa","#00205B","#13B5EA","#8B634B",NA,"Big East","Villanova","Wildcats","Villanova Wildcats","http://content.sportslogos.net/logos/35/897/thumbs/a28cvg370vfg03yepefh.gif"
"408","Virginia Cavaliers","ncaa","#232D4B","#F84C1E","#FFFFFF",NA,"ACC","Virginia","Cavaliers","Virginia Cavaliers","http://content.sportslogos.net/logos/35/898/thumbs/7135.gif"
"409","Virginia Tech Hokies","ncaa","#630031","#CF4420",NA,NA,"ACC","Virginia Tech","Hokies","Virginia Tech Hokies","http://content.sportslogos.net/logos/35/901/thumbs/gabem67h4rb7golayyr7qsole.gif"
"410","Wake Forest Demon Deacons","ncaa","#A67F31","#000000",NA,NA,"ACC","Wake Forest","Demon Deacons","Wake Forest Demon Deacons","http://content.sportslogos.net/logos/35/903/thumbs/90361392007.gif"
"411","Washington Capitals","nhl","#041e42","#a2aaad","#782f40","#a6192e","Metropolitan","Washington","Capitals","Washington Capitals","http://content.sportslogos.net/logos/1/30/thumbs/llrs2zxi127vkqgcsvfb.gif"
"412","Washington Huskies","ncaa","#4B2E83","#B7A57A","#85754D",NA,"Pac 12","Washington","Huskies","Washington Huskies","http://content.sportslogos.net/logos/35/904/thumbs/yookgal4j29r36rx6fz3jug2p.gif"
"413","Washington Mystics","wnba","#0C2340","#C8102E","#8A8D8F",NA,"Eastern","Washington","Mystics","Washington Mystics","http://content.sportslogos.net/logos/16/313/thumbs/s2waafa0o37v15rn5bfrxfrys.gif"
"414","Washington Nationals","mlb","#ab0003","#11225b",NA,NA,"NL East","Washington","Nationals","Washington Nationals","http://content.sportslogos.net/logos/54/578/thumbs/rcehah9k0kekjkgzm077fflws.gif"
"415","Washington Redskins","nfl","#773141","#ffb612","#000000","#5b2b2f","NFC East","Washington","Redskins","Washington Redskins","http://content.sportslogos.net/logos/7/168/thumbs/im5xz2q9bjbg44xep08bf5czq.gif"
"416","Washington Spirit","nwsl","#0A1E2C","#C2002F","#BCBBB9",NA,NA,"Washington","Spirit","Washington Spirit","http://content.sportslogos.net/logos/202/5862/thumbs/586286502013.gif"
"417","Washington State Cougars","ncaa","#981E32","#5E6A71",NA,NA,"Pac 12","Washington State","Cougars","Washington State Cougars","http://content.sportslogos.net/logos/35/905/thumbs/2724.gif"
"418","Washington Wizards","nba","#002b5c","#e31837","#c4ced4",NA,"Southeast","Washington","Wizards","Washington Wizards","http://content.sportslogos.net/logos/6/219/thumbs/21956712016.gif"
"419","Watford","epl","#fbee23","#ed2127","#000000",NA,NA,"Watford",NA,"Watford",NA
"420","Weber State Wildcats","ncaa","#A1A1A4","#130C0E",NA,NA,"Big Sky","Weber State","Wildcats","Weber State Wildcats","http://content.sportslogos.net/logos/35/906/thumbs/zeuci9b1audg30shh2h2hjsqx.gif"
"421","West Bromwich Albion","epl","#091453",NA,NA,NA,NA,"West Bromwich","Albion","West Bromwich Albion",NA
"422","West Ham United","epl","#60223b","#f7c240","#5299c6",NA,NA,"West Ham","United","West Ham United",NA
"423","West Virginia Mountaineers","ncaa","#002855","#EAAA00",NA,NA,"Big 12","West Virginia","Mountaineers","West Virginia Mountaineers","http://content.sportslogos.net/logos/35/907/thumbs/90726501980.gif"
"424","Western Illinois Leathernecks","ncaa","#663399","#FFCC00",NA,NA,"Summit","Western Illinois","Leathernecks","Western Illinois Leathernecks","http://content.sportslogos.net/logos/35/908/thumbs/90857672007.gif"
"425","Western Kentucky Hilltoppers","ncaa","#C60C30","#1E1E1E","#A2A4A3",NA,"C-USA","Western Kentucky","Hilltoppers","Western Kentucky Hilltoppers","http://content.sportslogos.net/logos/35/909/thumbs/45vahaduw2h85i3nqehdgn7xq.gif"
"426","Western Michigan Broncos","ncaa","#6C4023","#B5A167","#AAA8AA","#000000","MAC","Western Michigan","Broncos","Western Michigan Broncos","http://content.sportslogos.net/logos/35/910/thumbs/91055312016.gif"
"427","Wichita State Shockers","ncaa","#FFCD00","#000000",NA,NA,"AAC","Wichita State","Shockers","Wichita State Shockers","http://content.sportslogos.net/logos/35/911/thumbs/91127002010.gif"
"428","Winnipeg Jets","nhl","#041e42","#c8102e",NA,NA,"Central","Winnipeg","Jets","Winnipeg Jets","http://content.sportslogos.net/logos/1/3050/thumbs/z9qyy9xqoxfjn0njxgzoy2rwk.gif"
"429","Wisconsin","ncaa","#C5050C","#FFFFFF","#9B0000",NA,"Big 10","Wisconsin",NA,"Wisconsin Badgers","http://content.sportslogos.net/logos/35/914/thumbs/ydl01hfj8hw4p1mbg1zd.gif"
"430","Wright State Raiders","ncaa","#026937","#CEA052","#FFE1A5","#DE6328","Horizon","Wright State","Raiders","Wright State Raiders","http://content.sportslogos.net/logos/35/917/thumbs/gx97sijmyh5sbe3npiigpf3ne.gif"
"431","Wyoming Cowboys","ncaa","#FFC425","#492F24",NA,NA,"MWC","Wyoming","Cowboys","Wyoming Cowboys","http://content.sportslogos.net/logos/35/918/thumbs/hub2luegxli9ec81hx65b50hg.gif"
"432","Xavier Musketeers","ncaa","#0C2340","#9EA2A2","#0099CC",NA,"Big East","Xavier","Musketeers","Xavier Musketeers","http://content.sportslogos.net/logos/35/919/thumbs/xgodx5ewp41q2fp38jsy.gif"
"433","Yale Bulldogs","ncaa","#00356B","#FFFFFF",NA,NA,"Ivy","Yale","Bulldogs","Yale Bulldogs","http://content.sportslogos.net/logos/35/920/thumbs/92040811998.gif"
"434","Youngstown State Penguins","ncaa","#C8102E","#F3D54E",NA,NA,"Horizon","Youngstown State","Penguins","Youngstown State Penguins","http://content.sportslogos.net/logos/35/921/thumbs/92174472006.gif"
